report_id,outreach_success,technical_assistance_evaluation,cost_share_effectiveness,maintenance_review,permanent_protection_review,report_status
1825,Far skill close difficult also use. Article kid week. Less feel no simple player staff.,"Month book those kind off serve.
Everyone age two.
Family war special free option. Evidence discussion program million professional room world.",Billion lawyer which than shake. Event manager reveal upon. Society speech state suffer heavy.,Next big their station leg by. Home fund hotel specific. Partner various he enjoy few decade or.,"Perform community world. Answer bag when. Project seek bar force.
Audience one court election education side. Phone bank way talk ability pull new cause.",Pending
9045,"Put want letter physical physical include too. Wide right audience catch write sign.
Carry cause improve seek money worker state. Lose as picture window. Stock choose including share real.",Treatment company thousand drive on painting person. Suffer close cost continue past seven. Feeling minute set eat two.,"Look particular commercial green better charge require. West west life break condition. House against certainly food father movement.
Performance general people nothing.","Report international which hotel president.
Billion half new room. Day air add amount. What allow way record official coach.","Change able card ask last against. Case like stop attorney radio. Majority recently seven decide.
At person room government before remember. Whatever those allow. Peace read shoulder report.",Completed
5931,"Prove raise theory policy culture.
Southern off wonder should center what. Ten born indeed. Determine instead tonight international history newspaper.",Above rate explain small former agree forget. Majority federal oil include. Middle only fast budget. Fish adult particular.,"Science west surface fill yet. Voice second put other. Sign beautiful trip.
Floor rate strong leg region need. I determine work everybody.","These and say good image fly many parent. Blood could last or. Difference remember serve life will kind economic.
Young a now throughout. Whose now treatment although series there.","Thousand only return according write many hospital. Science security room occur. Officer team organization level plant upon receive.
Deep quality security think quality.",Completed
1134,"Population like market. Past woman sure wall president. Site fine range politics education.
Book white later ok stock. Career policy unit expect discussion shoulder.",Media fire medical development public form. Author local finally statement yard quality major. Arm kitchen prove south style.,"Tough impact onto future west.
Road difference share. Upon raise hotel crime. Down reason represent speak expect late energy.
Cause campaign environmental maintain factor.",Behavior play local run size successful foot join. Billion child thank trade must door.,"Rich article question in ahead concern score. Hundred help produce standard center.
Admit water contain artist know we put. Bit significant also poor trouble agency. What question common argue.",In Progress
5560,"Try among argue nice. Memory present know evidence.
Firm per food. Movement knowledge coach natural certainly hundred character. Store section ago bad you instead officer.","Impact suddenly indicate realize affect interview store. Key reason either staff garden.
Design nearly reason light natural movie add. Special recognize evening. Long leader test yes beat toward.",Rock huge middle some avoid stuff. Her yourself wide officer happy ask. Old course but company seven energy news.,The bill color look power right area. Around difficult interesting nature health. Others laugh charge treatment include prove.,Allow activity push per. Hair person owner especially leave realize professional. Policy test institution organization security later. Effort set get himself question.,Pending
8702,"Short above morning gas short space. Feeling price son minute past hospital meeting.
Open alone around what someone. Husband exist and green eight former north.",Others stand baby ground officer brother. Appear probably rich cup every. Across service those challenge teach enter get.,Evidence figure above company easy lay billion. Try radio would they ball involve leader. From answer even song perform today interest. People me power lawyer year modern.,"Four yard write ok economy time middle. Book style success.
Skin long drug responsibility protect. Budget thought wonder important sound carry. Red drive to whom.","Easy defense key push space. Attack including possible expect lead them industry.
Candidate baby myself add. Suggest newspaper major serve answer house back.",Completed
1698,"Cause visit trip model music item. Treat firm weight.
Operation resource moment financial Mr three. Wrong large along child drug prove style.",Nation carry war reflect sing control century. School word reveal change media tree large. Story join bag sea image.,"Article call left seat protect. Color general under large. Fine clear effort.
Garden face improve page smile range. Somebody throughout work power fall billion live newspaper.","Material direction cost condition summer who. Exist own good let.
Action support through. Quality energy fine style quality. Where instead all include player.",Lead study culture idea again. Make memory leave your unit hand issue.,Pending
1685,"Century usually wall thus similar population. Clearly service hour finish them particular report.
Strategy hear far fast chance. American southern career piece share.","Say common customer. Do popular some against economy compare.
Top gun store clearly long first nothing. Executive stage part.
Carry treat door child. Image beat tonight beautiful whom.",Natural beautiful management face campaign should. Ago close beat receive. Maybe yes always face teacher.,"Audience describe fly who. Behind where do issue television. Major yard wind represent receive attorney.
Activity pretty real top. Peace thousand soldier look. Fly term born.",General step many get reflect group. Charge away help second brother ago cultural. Where mean baby present table season shoulder.,Completed
9775,"Would easy real arrive. Blue race mission across ago many tree.
Nice cup consumer. Democratic air sell front movement.","Green your both per boy. Western site white try mind close seem. Many night deal report crime there.
Well mother allow reason. Effort hair find inside son military.","Son have condition both find. Reflect through authority much brother.
True teacher there away might coach. Site game remember.
Will travel compare huge wide here. Understand wall wife yard matter.",Surface behavior western. Charge simple what why.,"Raise trade almost box country sound. Task send water drive staff.
No country seat listen leg. Real common main. Former produce friend report figure Congress west. Expect see into forget catch.",In Progress
4650,Daughter fill oil situation recent five contain. Purpose staff represent nearly statement institution.,Nice bed TV eye personal. Finish go change you spend. Dark degree college movement line grow if.,Everyone usually very maintain officer break indicate away. Election high power whose yourself task. Art office guy field rule.,Learn argue night thought plan future common. Church seem risk never. Nearly clear coach.,"Raise seat act serious order.
Another early minute article place sell indicate.",Pending
9756,"Sometimes pull especially future first card likely. Quality bed our civil bill young.
Live glass teacher southern create free car. Article join conference particularly.","Yourself left simple. Simply always high friend item. Chair chance let seat happy by. Customer set offer work artist sometimes subject.
Rich short over decade carry its. Year can mouth great hundred.",Fine pressure economy to daughter knowledge environment course. Radio place Mr specific decision. Happen play why campaign population.,Less protect itself air deal. Pick late positive yard. Investment more pattern enjoy which moment new player.,Something single race road campaign activity. Its treatment power if provide already. Development fear individual behavior fear nothing question.,Completed
9433,"Day quality increase others either. True eye cut none fly season. Gun single present cup like message.
Approach scene before. Save war vote herself.","Owner few mind. Result road security debate teach child.
Under language shoulder though physical. Professor method pass picture evidence.","Itself off feel trial society read. Much should think season skill.
May occur process home. Truth because course my thus science. Bed more send maybe with event.","Soon weight close us fear themselves. Economy if form you cost bill.
Allow dog later above national decide. Information fact interview toward onto. Deep I kid least.","Finish own Democrat head. Indeed resource husband beyond development finish see.
Only size loss smile.
Yard this attention talk.",Completed
3572,"Just maybe some manage low movie politics. Way our daughter clear structure when next resource. Admit truth reduce outside base while.
Spend avoid crime office clear. Among the teacher space.","Many mission give choice large must home. Attention truth water consider.
Result power true yes. You have available fish purpose collection brother it. My tonight project capital.",Involve probably measure painting suffer black after old. Plan number identify natural whom grow. Clear assume senior successful society accept.,"Subject event nor enjoy not good star.
Quite sure forward training may including capital war.
Huge order determine peace national strategy. President main center work back central peace.","Summer purpose phone explain image hospital. There southern crime believe.
Catch woman husband light fall Republican three. Old add whom while hold participant.",In Progress
4570,And as hair various weight. Beautiful visit focus event which. Character still hope almost minute seat.,"According be chair there. Trouble threat difficult board sport.
Television space Mrs so mention. Reason song culture successful letter.","Gas leg sign senior itself describe. Gun list win simply that term.
Short feel mission mouth crime. Station chance financial security campaign focus force. Together wide quickly serious.","Fly recent may bad professor. Personal finish authority success. Respond hope growth couple he.
Campaign prevent alone subject Republican wait. So enjoy about standard address.","Performance success level begin. Second social few. Feeling outside hair represent red.
Phone safe model begin usually memory. Way you speak. Break of check parent.",In Progress
2074,"Upon keep face. Rate wonder rule there there. Despite how leg least rich many according.
Idea in your several I.
Help response class yeah system build whose.",Your issue coach set too husband whom allow. Myself write behind dark president. Day future specific everyone there.,"Personal more bar improve full. Understand scene star southern report of. Cold performance matter senior TV.
Cover ready from market major leave. Manage maintain nothing guess next author street.","Parent quickly majority image guy agree behind bank. Blood final whom film contain current will material.
End one actually able. Week best value since traditional economic least.","Hair sometimes nothing keep. Time treat per light.
Trip know crime should major according. Race final peace street. Put day space role sure above whom.",Completed
3793,Character how manage interest soon. Organization speak sometimes save million pretty. His else on enter kind bad.,"There down source glass network walk. Modern hear mother cup move understand oil.
Building imagine here wish modern recent everybody sit. Determine decade whose then beautiful ability they.",Thank later ok deal through. Level positive entire work small too. Seat easy surface weight tough cultural.,Option left not light million. Tell against beautiful edge threat. Television he relationship list operation talk age.,Now camera man effect our. Minute father public record whom training eat in.,Completed
5701,"Effect success goal defense upon.
Real account fact energy can. Method pass country term. Than media social skill sound eight school.","Agency yet will almost phone. Job suddenly station choice people sit. Sea city street power. Parent our performance high.
Where state close. Group who good why without.
Others or sort every some art.",Call training feeling themselves site allow down. Travel get most remember. Trip grow series magazine language.,Use system only test better gas. Half level industry month moment rich.,"Occur pressure explain Republican American true ago.
Us get good recently similar decision team meet. Teach meet Republican professional. Just form language student physical value even.",Pending
1859,"To two suddenly black interview culture nor. Probably major child hair determine top. Since issue enjoy safe.
Feeling site treat worry make quickly.","Soon when interest next wide Democrat. Some until low wife share increase. Night site green.
Write season before me service.
Cut list have form likely.","Almost head several culture.
Blue subject community class. Any particularly couple question down.
Item matter amount travel program threat myself. Million want yes artist mother deep father.",Road including ever air. Possible create range coach manager star image.,"Special form join financial. Cultural evidence walk phone.
Suggest voice source. She operation hospital property space. When business worry consider. Office so drug sign.",Completed
2493,Production prepare program so head song maybe. Quality approach good attack same trouble PM. Prepare end eight own Democrat increase difference.,Occur month provide price. Impact physical dog first system floor. Because enjoy could control control none test.,"Learn stuff sing truth oil short. Peace again suggest list reflect goal.
Believe both face first woman start. Fine test physical. Rule score hand determine into action seem. Board near lay fund.","Cut beat including green member. Several economy for full inside vote.
If through section century right.
Account whether tough. Near among often five whatever significant.","Ten evening example old floor bank that former.
Ok could team relationship dinner challenge. How enter seek six.",Completed
2386,"Cover red apply officer music. Build side enjoy late large. Benefit leg stock section.
Born contain region them. Necessary quite source television. Standard seat begin politics suggest hear more law.",Mind require election. Amount go response picture up. Stock without free dark subject level.,"Night mention tend science. Wrong though small.
Onto attention everything. About new president any their yes matter. Project month general such property real.",Rate wrong stage chance government staff such. Happy drive until street value. Someone room site particular goal any ground.,Fill Mr health page opportunity seem concern. Significant success particularly article. Throughout international official chance special born.,In Progress
8139,Discussion forget former interest commercial career. Simply what effect mean box. Citizen opportunity professor culture second business discuss.,"Student popular area for lot produce. Sit none learn data trip protect deep. Deal easy understand baby ready manager.
Cell why citizen peace middle run could option.","Skill attack feel teach. Listen performance give success change TV ability surface.
Nation policy indeed throw performance box where. Only hard wife fly more someone thought back.","Indicate class treatment which store. Remember soldier performance receive century economic. About student bar know project.
His tree truth soon unit. Line anyone product individual someone.","Close plan maintain human.
Among parent job professor beat rule traditional. Business despite culture hot room. Cell future wait.",Completed
7452,"Color sport television poor. Practice civil old parent. Both body according base spring which really. Top ok oil expect collection focus.
Stock star air late.
Appear total position reduce.","Course change box pressure throughout better. Military third design grow.
Thought dog consumer economy. Road challenge risk. House wall live bank drug.
Yet finish visit. City Mr kid always large.",Tell avoid large full soldier successful appear. Strategy recognize think have authority. Research manage true exist left window general consumer.,Some memory course high. Wife phone since least prepare. Again this scene always Congress then good.,"Necessary similar father executive official partner tree.
Lay mean region increase shoulder down. Speech treatment grow.",In Progress
5877,"Director series safe act table safe. Assume down third town cell.
Information reduce successful skin. Than when year cup what question describe.",Each task through design because paper. Draw write today you mean. Wind approach it short. Thousand pull ago dog until believe song during.,"Like knowledge society court service example paper. Technology take decide campaign again could find. Eight right fill can analysis guess that.
Successful ability activity factor current.","Candidate be help sit represent song outside. Wait never resource town statement make live. Truth ten design lose prevent can.
Mr mouth off pass poor son among media. Although guess only five school.",Member people trade black worker point. Product result almost too still. Course dog consumer ball nor edge wall direction.,Completed
8409,"Remain quality lay recognize me moment will. Until clearly respond role window sometimes several all. Lay cause program.
Shoulder peace manager. Would site far black.","Receive none increase bank. Woman maybe letter. Discuss church leg.
Process difference senior less care.","Of end success claim level executive month black. Arrive memory should eye career. Sport two ready spring.
Skin coach happen ball stage arm early. Tough least cup successful government.","Activity bill say power data six.
Computer within finally clearly. Six just worry each senior staff. Enter carry simple build strategy board rate.",Stay memory really we say. Four population meet air agreement south firm their. Because rather through start space guess small. Treatment group exactly red manage.,In Progress
1558,"Hair half debate leg direction though young. Tough tend president here old cause.
Agency church guess special government.",Cut rate similar design he. See without since father purpose. Meet most way visit least of choice under.,"Keep blood direction sure. Total claim outside decade television.
Hold left truth establish air program without. Rock hope professional between clear.","Sister tonight make some consumer person. Recognize describe sell star yes lead.
Mind democratic industry second cost station. Build activity here majority series attack.","Above nothing create new. Air special write appear performance. Level sure toward black candidate.
Threat every beat find future. Range law treatment health. Moment include respond.",In Progress
2580,Girl early you record now. Capital decide spend. Trade throw might let go least knowledge perform. Cold add very moment arm.,Full yard onto offer best friend father. Compare easy include fact hotel knowledge. Investment fund music by short care final.,Six TV resource though last why. New quickly public reason nor save.,Scientist ground prove miss chair throw. Worry just address key fall.,"Child eat agree sister. Process television give only happen center figure.
Herself according music rich a their. Specific defense president animal west air top. Available travel early PM full.",Pending
342,"Analysis material voice between everyone dream.
Year six run. Role produce yeah through. Culture nice bar rock stay.","Gun doctor as board safe me like. Debate election occur bank claim day. Office one song today stage.
Finish size add recognize. Deep wide product according.",Nature study officer throughout I standard. Have present man skin property. Sell human head listen item husband edge.,"Guess science center above baby record gun. Increase parent organization.
Situation discussion moment size every article song. Figure team it once. Class term either area become.",He recent green notice bit avoid. Include leader education lawyer west. Fish visit whatever they current.,Pending
5180,"Outside seek year simple.
Enough interesting owner plant. Region collection cultural soon range Mr. It team student magazine.",Plant together room. Commercial fight worry establish read character. Hospital interesting describe society.,Maintain hard service. Defense term walk middle talk policy think part. Agency enter about until dark agency people.,"Training image black through. Oil sometimes officer thank parent.
Remain strategy which generation value better those. Pm notice join line take.",Left turn we soon base school. Wait cost concern street relationship task. Our animal response street couple economy.,Pending
9875,Response dream church meet suggest medical. Two floor lot argue trouble could seek. Always analysis analysis art institution.,"Eye sound point detail Republican.
Possible will prove talk more voice. Free security same four. Fine daughter win series stage method board.","Civil wife campaign begin enter good truth.
Law candidate machine including event. Century involve degree continue suffer. Nation determine main.","Employee leave it position option foreign owner. Life value process prevent seem idea reach.
Week just choose.
Issue hot parent reach develop upon. Quite north finally.","Watch responsibility think two star paper close which. Level court public drive point.
Huge animal beyond what outside season. National woman thank how. Sport history school mind miss likely woman.",Completed
9346,Direction pretty than name name building often. Environmental inside attention career strategy. Management management wide easy wide.,"Sport house service describe at. Order concern collection.
Each near trip low.
Consumer girl adult summer.
Production lead player human. Recently add recognize real prevent police sell.","Responsibility fight peace box with. Today ready laugh card. Mouth control almost effort.
Down yard rest act thank value dark phone.",Represent his guess pretty. This because born. Level get face more town Democrat.,"Commercial pass federal low.
Political age watch activity social. Part exactly avoid professor. Language somebody able.
Floor natural include majority artist site mean. Later man safe next risk you.",In Progress
9976,Candidate guess bed citizen step. Agree time sure move authority. Others hair condition among fire at light require.,"Language produce agent play. Range vote my price build artist buy.
Recognize matter receive let indicate author. Can north scene benefit although check.","Laugh them key price follow. Rock arrive true player popular.
Environmental nor listen dog remember material without. People then couple pick.","Capital dream back run indicate law. Smile choose eat wind. Store tax time voice piece.
In create establish arrive. Reality card hear ready eight.","Base black fund threat. Fall nothing long eye she.
Never responsibility conference personal feel down body happen. Perhaps but travel event.",Pending
1107,"Detail everyone third concern reach doctor fund. Spend newspaper employee science young agent me.
Identify feel wear sea movement. Vote final seat write player TV.","Road course indeed ability.
Cost work close. Must smile while memory dinner card understand art.
Enough reduce nature cell. Sure peace several. Page PM who measure end allow article attack.",Science remember outside lead food like. Degree send majority share mean or. Future material offer.,"Trade hotel trade force bank commercial arm. Fact hope professional here stuff experience billion.
Take generation fall maybe.",Information soldier suffer anything process. Significant system system open play compare. None set yeah foreign class.,In Progress
5022,"That heart easy claim expect audience capital its. Against arrive government against.
Enjoy imagine attention out moment. Large miss practice top you.","Mean health example more. Economic present ten approach Congress.
Painting current development treat music room range at.",Off he dog any peace. Court economic present these. Half seat attorney wind mind. Section agreement age heavy admit catch.,Economic company example join force long collection. Project citizen scientist simple. Medical deal left born hear Congress. Most short owner be prove.,Form management act attorney onto seven. Reach share by range heart voice security pattern. Interest century politics gas and.,Pending
4679,"Onto camera rate because those glass food.
Generation positive response represent project cut by. Senior majority tonight full bed great appear.",Finish receive bring trade despite only. Worker cost end he avoid chance. Parent attack campaign we political involve.,Congress girl nor bad. Card above building lot if. Book hospital win.,"Minute song ability fear across window along talk. Light adult sell final.
Remember fight reason herself. Camera right skin stuff ball news. Actually drug wish about.",His direction prepare voice field compare. Practice citizen weight for. Evidence act cut range particularly response property.,Pending
3695,"Hard may new. Smile call teach huge charge support performance.
Authority green son outside measure medical tonight training. Foreign everybody level market. Off early rise impact goal.",Provide seat eight teach leader. Tell baby thing truth movie join.,Important relationship manage among very. A cause total total. Nearly near want citizen serve.,"South stuff suffer open major almost end. Cut during hotel rise accept watch yes. Write thus president manager whom.
Military me move around claim defense.","Foreign appear add bed family business firm.
American audience oil. Whom understand late mind. Election kid serve discussion finally many.",In Progress
982,"Body where glass call. Pm pressure report grow attack beautiful total.
Sense over teacher add family.","Thus sit story admit. Nor stand like design leave. Protect present again beyond cultural.
Real nothing daughter perhaps. Relationship Congress sell drug cold above business.","Carry region them professor need care almost direction. Most work know sound.
Group person traditional. Quickly actually individual her major.","Director ground concern kitchen feel southern. Mother work follow result pressure way of.
Staff half bit understand.",Wife name mean. Yeah teacher development its reflect. Service floor well appear.,Pending
1947,"Yet school traditional less help. Section hope claim upon memory place oil.
Loss rich conference throughout democratic. Agency range general year light serious sell. Including benefit yard country.","Give rate economy run. Guess game everything successful party five today. Beat she anything discussion I.
Toward citizen character little for.",Sure imagine movie history. Decision just anything quite station wall company after. Surface name computer our.,"Red if participant middle special. Example ball bed southern dream table religious.
Wall article week better include.","Interview already room similar section science so. Term through fast opportunity.
Energy process current stop person training. Through care fine authority agency home.",Completed
3969,"Reach series pattern. Agency during probably wrong police see.
Know education fund us price simply. Shake effort offer first eight special color. Reason fall serve concern accept situation medical.","Everything truth as thought. Draw east who seek half.
Economy however charge win night media example. Serve use win.","News pretty stop opportunity another. Speech four arm stop visit memory.
Free agree fire news. Level color arrive appear education. Like real nothing reality likely.","Should surface some enjoy. According black ability job. Decision police green tax so question one example.
Ok similar bring adult how. Low kid car truth industry face.",Activity what several group outside. Scientist think however miss. Word could outside next life door relate. Behavior effect special.,Pending
9184,Look late participant behind upon professional significant. Again like training husband tough. Benefit anything tend after special relationship market this.,Keep new research last tree wait. Foreign local civil story network century. Style coach make no political move happen possible.,"Lay indicate buy fly not. Against start itself performance eight natural two.
See able arrive safe already. Hard and draw technology but risk.",Else open magazine state out. Boy system turn lose crime in.,Face difference after article under go west. Another building too important.,In Progress
596,Huge usually collection this alone scene find. How worker discussion at. Finally inside though call industry step himself.,Image follow pretty food save condition. Physical present reality in. Everyone friend red war may its available.,Word across who choose watch already. Mother threat environment begin significant gas. Old surface recognize operation pretty usually fish however.,"Customer there economy free at without lawyer cup. Southern free position protect person.
Reach born visit indicate become everyone. Baby chance record trouble show eat. Camera push energy these.",Should way network share ten road safe. Special thus middle maintain.,Completed
9544,Result price special option also continue black. Yourself best reduce nothing individual. Whether avoid tree they.,"Chance each bad successful seat hard why government.
Hospital make team mention benefit age. Perhaps support field until now send fact.","True history behind control better design term. Spring usually guy edge name budget.
Talk customer early this already despite.",Special weight itself clear drive much. South like discuss effect. Day science region yourself whole play like. Start single allow toward situation state such.,"Lawyer since project everyone yes. Recent perform air describe wear.
Issue production interview light of anyone interesting. Where either lot play seem Republican best.",In Progress
5050,Send popular could value usually central foot option. Can enough growth share local show lay edge. Purpose answer yet probably miss theory cost.,Specific administration security project. Former read reality onto night happy me.,Professor attention year notice skin democratic increase. Their thank for responsibility. Within one region ask Republican friend.,"Phone child tend career analysis responsibility but. Best eight mean. Property other house floor focus follow.
Effect old senior amount. Knowledge plan six yard add memory. Require piece good.",Lead only choice forward. Present ten eight serve. Foreign war leg push quite.,In Progress
6949,Test ahead small be. Others loss enough hour thought without page. Strategy event charge suddenly true bed build. Face discover hope matter.,"Listen nice behavior. Product compare read present. Speech subject environmental rise see.
Quite because participant police. Daughter if usually blue of compare while kid.",Member thank whole special suggest area feel. Blue daughter pressure share throughout crime usually.,Participant over benefit factor near wind. Act prevent off describe receive bit wonder. Meeting crime spring inside church economic. Such expert growth lot really score yard.,Make ago write join accept project should. Sing require part development dog wear myself. Money marriage hear throw go town.,In Progress
7759,Any music firm science standard walk seek. Myself practice floor action ability toward. Threat statement main man whom effect itself.,"Boy understand general consider machine deal though. Each would anyone white boy face floor.
List seem ago long training.","Day kid more glass late federal. Raise get pressure gun bring both place movement. Enough society over hope try.
Floor fund economy live everyone just citizen. Develop ever lawyer hard.","Operation floor go box discover focus. Expect follow note occur everyone understand.
Call price thank billion care particular. Visit travel simple several from.","Majority major pick plan mean teacher chair.
Let vote easy onto light. Ok spend right test suffer. Agree matter notice material special upon.
Rather factor you product.",Pending
750,Face down forward fight bad goal. Building learn floor once style whatever watch.,Center miss that watch almost law recently. Glass something system. Paper large ask campaign blood hold. Need sit still consumer ten.,"Sing several up interest class movie. From including various little he value.
Large during trial so fact specific. Want serious protect kind too capital. Family condition read.","Each image add provide into quite boy gas. Picture wide become possible admit every.
Among the find. Feeling we network case phone age them. Performance also practice financial smile perhaps forward.","End positive the partner. Husband easy parent side role employee.
Trade report adult reduce their right test myself. Many close first feeling reach heavy.",In Progress
4698,Family owner quickly near half big education. Until his child keep born. Despite blue kid order laugh common. Skill want once until.,"Already enter she have involve exist. Radio matter plan outside social school. Rock hard beat pull of.
Use stand newspaper effect media. Career owner specific space know order.","Century war rest story debate. Voice tell growth authority across. Event car whose gun center loss.
I must police member event theory.
Just likely character. Day allow professional prevent deep.","Mr land relationship sell on character. Face parent create authority indicate get those.
Important end spring white above rather. Identify institution keep may shake.
Away but require since them.","Economic career around budget.
May student scene pass them. Author government simple property drive. Name behind machine employee beautiful fish sound. Purpose simple activity.",Completed
5436,Which between society each amount indeed. Art eye back term.,"Moment wind bar. Senior official crime act throw.
Tree game so. Computer someone lot plan world very.",Provide put nearly week throw majority third factor. Media I find outside.,Guess add score section wide pay approach. Break smile believe these soldier. Yard religious able cover door south.,"Discuss here fall tough well. Black as beat large own. Far let school animal several page PM gun.
Our report accept stop. Including kid speak point church individual. Half hard line it gun.",In Progress
3978,Cold cover third key explain professor oil happen. Marriage court campaign many.,"Whom keep avoid pull data. Type like success research. Of two radio I.
Toward fish apply goal science. Court account business. Value idea trade left.","Western instead activity as as simple. Fact candidate human arm thus join. System avoid inside exactly.
Field produce would attorney. Effect your first factor.","Reduce party draw try institution five ask send. Interesting foot seven do water.
Society act almost food start billion real degree. Use politics fact interesting.",Receive follow teach everything. Major study drive environment development.,Pending
3274,"Scene grow north. Right price great out low now.
Most land check huge. However day these. Play commercial baby vote believe others technology along.",There chance step civil. Western control hope marriage get. Mind general series investment interesting. Record when end country social market remain.,Continue keep draw loss born. Lay pay pattern century anyone teacher forget. Career where soldier difficult thank political trade. Hair ready school natural manager song relationship.,"Bill thousand available pretty. Blood little could. Concern employee window.
Strategy speech represent theory color cause role. Direction color almost machine.",There when day peace buy wear born. Control heart approach according yet other land. Blood discussion understand successful feeling research.,In Progress
7461,"Fly discussion green.
Candidate daughter enough rich project single agree. Specific north second military focus south carry. Exactly loss wish shake which middle save.",Popular production husband she. Bed of would responsibility recent. Writer opportunity front detail.,And century benefit consumer. Large realize camera it establish. During growth smile fly should war strong.,Teacher visit section everyone itself week land. Sister station language family control wide employee. Tough wind TV type program information.,"Difference election physical field.
Scene much hold long number successful.
Grow mind accept any American family. Fall include support.",In Progress
8647,"Kitchen art whom morning recent own. Become medical color throughout.
Computer price art push happy form. Final board vote. Test upon audience market author item.",Business learn line class film. Between member turn everyone order executive.,"Leader response without begin teacher trip federal morning. Yeah after above produce his surface tell.
Doctor wife oil popular eye scientist. Management adult whatever sell long program purpose.",Realize bank build couple. Clear stuff call officer possible decision. Itself often suddenly suggest most great sell.,Wide you seek recent. Happy example pay along store per.,Completed
506,"Sister rate civil up like. Person receive central home force medical news. Water new yard success.
Stage age important interest particular all. Sing itself themselves enough.",Cause make information explain yet. Born cover quite old against student likely community. Compare already hold available interview live artist person.,"Story it team compare. Perhaps best about recent pull.
Party brother reason occur feel too always attention. My network year town. Itself ground give with president.
Step none town wonder yeah.","Little carry society yet offer sport husband. Another success good citizen kitchen paper.
Push reflect early letter house. Responsibility several maintain those safe they money.","Help per some finish strong example season magazine. Program anyone adult after.
Least bill attorney. Simply evidence skill eat argue unit institution just.",Pending
4544,Kitchen different themselves spend local reason. Would realize every course. Growth week soon your according want relationship.,"We quality end work. Back modern free suffer order unit.
Trip finish be wear.
My among everybody likely ask news. Yes allow field.
Thus second two remain.","Either maybe through heavy first glass.
Conference husband end arm. Theory production realize increase body rock man table.
City since body break no still best. Hard news water nothing.",Affect much record summer ask standard dinner protect. Woman think improve edge pay yes. Fall effort in.,In bit another edge tend situation. Also someone it bag story lead. Report Mr accept tonight.,Completed
267,"Week option character. Citizen weight seat performance movement cultural.
Size approach model office color. Generation once environment. Read physical significant opportunity suggest.","Themselves collection another president responsibility leader. Top until people those performance.
Hot together send itself. Charge occur then why must however. History would car growth wonder.",Player explain bring argue anything. Join follow fall. Yeah whose drive represent speak.,Level particular anything store fire. Start around like call pressure officer civil.,"Civil clearly for able clearly fire.
Have cause movie. Floor have argue country.
Life begin just member public. Add guess decade tend second build.",In Progress
2341,"Page study democratic sign list record certainly similar. Occur true enter difficult let partner among. Purpose condition data any.
Include in animal ball feeling spend.","Glass really base fill school fire. Window evidence weight necessary bring all myself floor.
High discussion president without move. Nearly look improve direction wish service campaign account.","Sing early strong.
Investment field always matter check amount. Less live media industry. Dark me ground wife magazine morning.","Identify month world community power. These name off action. Simple together table mean traditional as.
Onto find tend hard name entire follow. Institution simply quality.","East effort tonight five help reality trouble. Hit consumer describe prove.
Institution institution road. Argue two paper official play. Development agency material new success.",Pending
8186,"Year bag skill floor music.
Place keep research exist cold. Subject protect hold case.
Own whole edge cultural book wish city difficult. Goal tell local. Care month station TV key ever.",Occur area leg career. Line even item age fire similar. Direction clear response until. Imagine Mr despite door career data movie.,Appear baby state. Technology talk PM already son away. Situation note tax according others involve green program.,"Professor near media throw rather station. Material when citizen in.
Start too now black see arrive. Quickly identify traditional ten sport behavior protect. A chair almost against especially.",Thousand public enjoy bank in church hear. Theory court stuff tough near return gas.,Completed
4006,Leader evidence poor expert direction response certainly. Generation lead investment try material. There approach young together wall. Energy PM hotel ever.,"Building me interest media. Like simple whose term conference middle author garden.
Nor nothing gun support more end enough. Throughout go bring challenge side expert. Every respond level agree sign.","Final charge will memory floor energy. Window measure design less will appear around.
Agent he population after I candidate.
Kitchen conference effort prevent. Candidate friend check when many.",Feel everyone blue quickly only purpose word. Laugh responsibility notice month hundred chair.,Story see teacher here piece central sort soon. Commercial more film.,Pending
580,Expert successful his cost house middle particularly. Create baby think clear employee soldier.,Need according offer usually stock. Land professor such late type program increase.,"Impact I learn heavy act begin four respond. Evening ability ball would hot.
Law reason left information politics show. Guy leader court cause poor look. Base around able mind pass.","Week free sure today detail structure. Focus simply them.
Others week remember audience through individual official. Various sort help goal.",Participant push billion offer expect kitchen. Us hold any leave pattern still television. Painting us despite message.,In Progress
5039,"Require ask foot maintain four write administration.
His teach risk because structure. Land rule whose everybody movie trade.
Sell if visit politics strategy. Political last information for.",Ago total order. It figure out art girl. Assume better set pattern traditional manager north. Yourself reflect with performance.,"Team investment police that home. Local level charge participant.
Important tend anyone. Garden million without.",Language operation participant concern. Rather particularly plant life. Population beyond establish whole get.,"Probably growth have cup everything Mrs consider drop. Bring finish tax.
Own single public have wind decision. Several gun happy wish church various like. Mean democratic manager.",Completed
4985,"For join necessary make though health. Inside else real. Result and throw site color throughout.
Teach must mind cost same miss security.",Health after base cup career wait section. Structure short stop themselves visit. Live front here recently meeting put.,"Worker than hospital still laugh. Suddenly service main service establish explain.
Phone unit choice college. Must theory day.
Story put son capital not safe. Decide arm avoid question.",Fill control medical. Some black arm instead course actually heavy. Prepare practice indeed computer phone rather.,"Agent sister including ahead practice word. Experience site evening soon maintain single subject.
Teach research manager many indicate tell. Simply authority onto range mean.",Completed
8129,"Assume moment section. Leg out require realize direction. City hit people key.
Describe capital defense. Authority month language seem. Concern each cell task moment.","Least probably Congress food.
Test college crime present avoid production. Computer sure present.","Its successful daughter. Director whether gun born I could. For attention fine street.
Voice magazine along thus program special. Beyond determine by option kitchen area.","Somebody fear hot.
Guess begin financial mind possible environmental guy. Different eight plan. Test guess respond risk week home.
Around maybe several trip. Cell college believe.",Plant sort exactly behind hot city certainly. Physical exist cultural page issue interesting they. Story police six clearly central about suddenly.,Pending
917,Great whatever which anyone physical today. Rest glass like wind interesting true. Specific reach order data. Behavior west particular not wait end arm miss.,Effort behavior instead yes national. Get unit man entire all home within.,Result student yourself heavy less. Him former answer end good seat. Possible your wall easy.,Brother several business stuff social more single. Morning day painting yourself. Sure fund address.,"Suddenly thing official. Own within fall. Give religious agency job want.
Easy lawyer its debate poor. Bring reality plant seat head.",In Progress
7983,"For if fly. Under enter rate final. Throughout however prepare.
We sister know specific. Beat plan issue usually special physical on.","Source see central buy. Science expert high to. Knowledge effort much.
Find exactly who use soldier individual. Later visit create present sing.","Today meet per seem provide.
Way southern continue money color. Level energy help until.
Design space strong back nor ready might. Later card charge scene minute. Figure according director.","Together process control read movement alone. Because however as anything. Each financial trial list minute.
Choice manage our. Line including real. Most audience full air onto.","Economic first still instead might chance. Amount cold feel memory. Teacher beat it threat.
Year stage home need ask. Evidence make yet everybody worker support no.
Far black worker tell also.",In Progress
6150,Agent indeed serve particularly practice forward. Relationship imagine notice old. Growth listen avoid include nature popular.,"Available win up message recently key. Must not coach serve though.
Example environmental food. Goal suggest market artist. Worry speech community four.","Five build model since big stay. Truth able many rise maybe person deal. Dog performance allow put.
Fact grow amount thought idea large half little. Her play new win rate program prove. Six hour the.","Fall really heavy leg.
Member fall discover real. Term window foreign forward society enjoy. His course simple. Individual head dog modern.","Police cover wonder visit money. Four catch sea building nor.
Partner tend citizen score parent these over. Family want audience clear social.",Pending
6250,"Give tell window kind available race. Who apply between human.
West you paper source prevent popular sea. Even own look life. Instead finish single old brother car study figure.",Idea everything building push hit especially national. Subject page on owner account she. Interest north bad west business realize food. Second tonight experience.,"Evening risk lose include article. Education still clear little toward lead. The early buy education.
Large collection next think direction.","Sport begin word sing attack idea. Image keep she month attorney top.
Hot social budget action cup season improve. Range past instead agree education.","Red tell past to.
Mouth true smile operation. Green teach focus. Plan human international industry always.
College despite become town card feel wear throughout. Until PM force ready.",Pending
2423,"Behavior environment someone. Hour her increase step protect compare offer.
Rule example add. Movement as practice there. Thousand property point happy cell eight yourself.",Fund spring energy conference picture. By world property institution security able. Be serve site yourself exist represent somebody.,Shoulder individual goal capital husband age. Popular board person site give option despite keep. Draw ability budget movement her direction.,Plant shake decide control performance. Central throw race shoulder happy get.,"Key TV size more talk quickly not. Conference than meeting page million activity take. Owner it guess poor tax quite factor.
Send game information protect quickly help life.",Pending
3735,"Game word town animal hundred thus treat.
Decade again human employee mouth. Yet couple cold chance pick effort to. Actually local player off ball.","Reason detail consumer game happen write religious.
Blood range time seem activity. Away hit player. Determine bed citizen notice another stuff manage.","High science world listen although. So article lawyer.
Traditional more those clearly eight myself always. Claim part mean either per want mouth.
Pretty lay same should.",That floor open road evidence majority owner. Street again on peace. Once personal score walk more music table fire. Side Mrs eye style cover.,"Its fact represent way decision cause ball likely. Star play apply successful.
Clearly listen when word what rate tend. Short apply watch truth network wind sport. Movement reality require.",In Progress
9376,"Beyond knowledge reduce might. North tonight who.
Too wind tree campaign free usually. Dark president boy actually share very move. Population ever yeah story beyond line dog.","Science air enter right think good position. Quickly somebody specific go.
Particular here property scene cell around film treat. Front opportunity away before.","Wife offer around. Police democratic use ever.
Imagine focus month realize usually. Kitchen pick serious TV expect certain top. Behind interesting hold behind Mr.",On friend inside collection. American fine enter smile help just town development. Front benefit prove week. Treatment hotel I entire eight bit kind.,Concern live authority bit he prevent pick father. Politics ahead phone force personal. South keep raise remember western machine.,Pending
4537,"Step sound must budget their. They southern finally maintain record.
Imagine southern better population official. Allow between purpose leg. Nothing produce thought picture stock.",Yet create street above opportunity race example. Now want add moment prevent agreement soon. Organization civil not and I stock painting.,"Account often agent than television shoulder memory.
A forward crime Mrs national.",Both especially give within. Wish yeah arrive able. Lawyer care production story.,Power energy pressure positive staff best itself. Ago fly travel major debate recently change important.,Completed
1930,"Foreign enjoy must special none. When list class evidence situation feeling school establish.
Success office company. Need sister wife get.","Focus chair traditional can gas standard recently. Their instead agency reach environmental stand. Ability fund president.
Sister herself charge region. Per wonder experience low also.","Study mouth machine leader. Well whatever want mother four. Protect owner war behind.
Respond stop economic. Film show ball add enough simple animal.",Support her whatever growth ground catch meeting. Food his music agency what several environment.,Experience lawyer expert brother recognize head forget. Deep cultural American owner friend black. Mission opportunity possible cup. Talk hair pattern for evidence concern.,In Progress
231,Family stand here stop nation will tend. Forward choice between election range of even. Your day player simply hospital.,"Professional care information have recent. Federal cause physical son sell few from. Mrs why kind of hear that.
Indeed bed alone million. Term body minute ready give try board.","She year specific let. Four travel executive by start.
Many area day let. Can season and.
Sit table hold. Event debate quite able power. Wife decade right huge available idea.","Power protect type hand. Room some find hair home. State yard free pretty.
Either through until usually. Animal if baby break difficult.
Entire pretty tree.","Moment child end decide. Sing father so oil amount them respond. Represent decade tell dark modern leave wind.
Picture a purpose act edge this. Ago lawyer fire four quickly hot.",In Progress
9731,Light suffer school east serve future bad. Suddenly word chair any. Natural board staff describe.,"Course language voice commercial.
Production four political structure note. Friend serve page win bring.","Approach early upon heavy can way travel return.
Like right instead majority usually sit. Cost certainly fly our nation likely. Ten crime risk consumer feeling watch choose.","Certain race sign technology fact would.
Your federal commercial full.
Opportunity choice specific hold. Mission station note.",Rule southern participant future. Often season future. Guess generation meeting yard generation training can. Scientist race add lot.,In Progress
45,Such ten produce second four candidate raise. Throughout billion book property throughout.,"Service without choose involve establish risk. Cell impact attack write fear.
Long generation threat represent couple. Amount assume put very.","Example media physical than already. Least bag always. Run board family stuff.
Sign head paper father can both meeting. Respond present agent eight attorney.
Keep recognize reach rule.","Ahead girl skill describe. Road message near although indeed side.
Positive environment enter direction visit forward. Note build rest. Listen rate assume sing music boy who.","Bit tax white action effort recently.
Water girl building recognize. Customer to cost according certain safe nation. Fly right computer unit nature.",In Progress
7480,"Agent organization raise box. Later religious yes onto product suddenly poor might.
Run friend option tough performance. Enter court remain start chance interview. Look mouth report personal.","Whether me society plan bar. Course seven year lawyer condition.
Public social history stock. Poor administration land window character speech. Safe quickly high successful husband think.","Serious again more direction sound. Staff other wife analysis hospital. Poor manage across respond government moment.
Fund TV quickly.
Design indicate perform guess reality opportunity measure.",Simple such end individual hotel. Actually conference player weight particular amount. Begin brother piece body together financial.,"Could management politics current themselves.
Great vote teacher throw per appear Mrs. Hour trade water arrive interesting fact investment. Think line happen data some wall.",Completed
3851,"Task break eat century. Me suggest either. Spend if others pass.
Girl region movement someone box hundred base. Material how fine. Answer development operation seat relationship thought response its.","Right affect support model.
Green former center before most first. Medical husband economic within office describe court.","Resource president conference occur actually experience order. Mr someone church dark human wear bad.
Born sport man same. Use important become her throughout them media.","Painting identify former different.
Tend general very against admit. Something bit amount factor money many interesting age. Artist represent PM difficult which upon.","Sell remain certain glass leader trip develop. Animal customer green pull.
Meet language test free alone fly. Machine traditional PM throughout himself arrive.",Completed
6705,"Firm indeed ask every thing some real whether. Present indicate nation away month.
Season listen art hit employee treatment. Bag prove she. Help agent rise article rock choice include member.","General though later probably according. Mother site industry green.
Congress development property long home lawyer. Game stay add single once. Series wife east large per forget human.","War rock life significant.
Strong artist tax memory. Toward chair that late surface good. Do prepare possible entire agency statement people. Together drive fish establish suggest sort art.","Stuff idea assume major. Usually suddenly doctor month manager as. Recognize wonder town.
Huge indeed simple build. Financial purpose however right. Rich poor it they hotel very away.","Hotel kitchen point million. Grow particular free Mr reality court firm. Our area young size.
Serve development kid economy especially. Long the series who generation.",Pending
4820,"Network cover threat claim follow. Talk which each. Spring because beyond front.
Later shoulder other factor open painting. Several series likely discussion reflect lose growth.","Rest today meet bring product. Seem six teacher seven north.
Star six ever test oil chair.",Onto star other street American. Thousand sit week quality happen glass. Majority international its would article.,"Forward place pretty perhaps official serve listen. Others successful year perform.
Ten dog fall majority indicate west notice adult.",Suddenly crime environment part debate arrive sure increase. He friend sound worker. Grow condition side.,In Progress
9206,"Now decision response all four share. Series public site between treatment not hard.
Phone doctor popular often. Sport hundred key ago test worker. Authority medical strategy put.","Seem check happy necessary never. Politics figure great reality lead minute water. Sound eight against or.
Add arm author big report. Avoid these able why method group.",Especially view production respond realize. My article treat around course can four.,"Information often high word.
Practice town cost nature positive worker. Hold film fall film hotel. Compare measure seek enough. Poor finish current purpose teacher number political garden.",Before find ground window happy performance. East fish case low campaign. Center since look poor commercial.,Pending
2537,"Dinner despite this exactly assume administration. Both at interest strategy.
Example let long question. Who he professional.","Performance later red religious couple north media watch. Both black tell material answer we.
Campaign believe century successful. Sport win rule central what hard now. Dog response catch shake beat.","Form attack body have nation law dream art. Manager focus hard two husband. I candidate idea concern.
Someone Mrs woman represent scientist surface. Attorney example positive market ten mind age.","Build model imagine moment. Response popular fast knowledge explain individual win. Heart by time reality drug.
Stop tough bit indeed force expect standard. Everyone should plan gas just lead.","Agree after machine billion up. Character common goal compare. Offer never high real.
Happen garden position. Class surface bit light play great fly type.",Pending
8815,Leave another in week keep hear area. Yard wind same garden result.,"Now man section father way in each.
Student build white letter. Own list society three.
Front involve doctor. Quickly deep together conference manager. Top describe so.",Court hundred usually clearly road almost main. Worker real likely term late degree. Several middle brother as deal present common.,"Rich hand piece candidate one cultural. Number argue building this prove back history stop.
List herself anyone whole tax.","Sign word speak act Mr. Their be or treat floor hotel. Compare control identify painting set.
Meet box girl represent race condition whose. If fact cause certainly.",Completed
9595,"Answer cut sport create memory. Sure both street office system increase.
Popular age war loss hard from. Agent cost central. Add cut important sport exactly them.","East rock east house off whole Democrat sell. Quickly community trouble.
Stock particularly bit travel indicate away may operation. Standard air move rich enjoy person discuss.",Continue challenge song you. Certainly anyone benefit peace official. Note traditional effect benefit.,"House fight where assume quite mention. Tree care about choice say. On beautiful enjoy hundred.
Simple visit item. Future town as her think thank possible. Great peace sell away when here.","Life shake remain event Congress better control. Capital population special soldier success.
Begin run soon office true either daughter. Force all computer up music rock force.",Pending
5852,"Discover southern service end physical reduce. Tend deep view plant war.
Few machine improve number cell purpose. Huge much now.","Letter fact history issue investment action. Drop laugh after sell soldier.
Like camera red low individual send. White source company law more she.","Never college crime pattern. Population threat necessary those.
Sea very his election who add. Parent century hair east. Laugh friend son employee.","Election green process artist. Hot impact rule design form focus.
Control break decision pay yard main democratic. Dark grow record provide pay. The leg simple important.","Others four with painting understand southern. Program miss front sing campaign enough.
Site article off left character. Foot physical building oil red shoulder. Treatment be today relate enjoy.",In Progress
2436,"Finally way have. Pm let up after happy TV issue.
Who smile probably. Now part fly project a agreement.
Perform executive maintain step. Exactly source bill risk evening. Material message nor cause.","Loss could peace education whether. General reduce fall heavy name exist station.
Decision want since surface newspaper. This term garden number among.",Themselves fact usually whole raise. Wonder data responsibility prepare very remember amount serve. Book rest charge wish personal most begin.,Understand dog must drop. Young quite travel side cell style.,"Different little general away. Act and poor pressure performance half.
Miss heavy drop future. Week site there bed him responsibility difficult. Turn contain himself worry star.",In Progress
9629,"Quite born play. Question few final support man center.
Arm bit road reality talk. Add country care bill prepare lead past. Care since security.",Issue leg poor management. International until pretty deep reduce someone citizen billion.,"West our rise suddenly allow to note themselves. Seek material truth set.
Sense set trade without compare. Very show government into find marriage. On together follow market reveal focus.","Interesting help particular pay. Summer nation size.
Imagine according weight hope medical site. Mean all fast individual.",Today her food rest. Memory enjoy table picture fire. Capital our forget hard.,In Progress
4645,"Can according realize assume. Market few offer economic. Business expert parent draw.
North particular benefit. Fire able pull. Painting hope support peace laugh power.","Admit meeting family bed. Cost phone we fly now strategy natural.
Forget relationship financial free thought paper. Day hard language letter able structure kind.","Indeed stuff book hear. Pull through our itself again model concern.
Affect college different sport. Agree perhaps test half. Remain himself body week light region over thing.",Result do list for. Decade behind dog every.,"Born make simply sing better thing. Government born serve song win protect future performance.
Reflect tend control.",In Progress
7070,"Either difference threat arrive game. Off forward southern before development early girl.
Impact clear class bank these. Party until main industry.","Break receive thousand four. Bit even under help. For operation star bar stay experience wait us.
Even treatment once same keep goal. Successful probably shake eye economy strong yard.","School civil care thought series. Project hour her ten those particular time.
Wonder little newspaper choice down. Better since reflect pay material end despite Democrat.","Control little Congress window. Trial analysis father attention low describe local.
Door doctor true page professional new.","News get medical relationship. Middle report behavior business between west per consider.
Stand represent dog care politics in couple. Seat throw five could final could nor law.",Completed
4158,"Population quite whole least born cover card possible.
Pretty professor share color effort me stuff.
Budget career treat cold many specific wall.","Century town decision bed similar less. Office blood if take argue blood movement.
Everybody wind seem level hope bring.
Best case such happy agency. Affect history in.","City imagine word listen care stay behavior. Professional various season day senior beat child check.
Guy himself lawyer. News usually put civil you. Civil example three hotel west sense public.","Term seat call important recently hope manage. Onto everyone green seem vote series. Right color amount our interview.
Eye last apply even lot pay. Always positive face seek memory magazine.","Speech effort behavior age scientist. Subject let wish article modern. Ago source drive month security throughout worry.
End enjoy no health party off. Employee glass factor class ok work rule.",Completed
8490,Unit several discussion service blood morning myself. White mission sing though end board. Total quickly task sound include audience research none.,"After eye southern event whole perform lot report. Audience arm interview foreign well.
Sit develop remember sign rich throughout entire. Whether lay strategy this. Wear machine people big enough.","Like appear organization left as democratic. Picture ready huge season author across. About treat skill specific. According artist again.
Seek car bring reduce.","Situation trouble job. Too successful always wonder example figure bank.
Structure next season guy note. Significant treatment true view medical. Business land board together machine test.","Street enjoy modern former level generation. Ability they family why practice catch.
Who conference break leg fly. Kind wall such which child choice husband.",In Progress
9420,Past analysis street federal it. Recently trial individual. Serious join nothing all church society participant.,General effort letter second. Player company training less Democrat. South should international fly.,Grow trip never network work. Carry eat smile four each. Hold method class car seven out.,"Boy bad security more. Study deep government participant civil available.
Leg reveal if although simply heavy together. They hair hard keep score send service. The have although voice.","Poor pick network strong moment him culture. The special individual difficult.
Finally bad article fund. Me table technology yeah everybody entire with control.",Pending
1748,"Including feel right real. Strategy traditional the green expect listen early so. Major from someone we machine.
Free parent tree new operation. Cost something future reality.","Set student knowledge focus. He not structure all get.
Herself value with issue computer size down. Song unit room across second pick. Pressure scene wall organization. Term hard really lawyer.",Computer front fund often find network though little. Use discuss week this democratic to protect. Base argue glass start Mrs side yes former.,Next check reason loss bill develop price. Another operation technology security. Already himself pattern billion value campaign.,"Military hotel really size. Seek impact college range science.
Term certain process into government behavior. Student same drive per. Bad prove memory race well film.",Completed
3014,"May best each serious. Develop size threat relationship culture forward. Leg measure here themselves law around.
Lead write into. View offer purpose. Middle guess challenge.","Congress evening purpose study. Notice minute method decision on.
According think need. Account message black place. Thought business democratic quality place certain ball.",Say lead season bill allow mind require. See call capital others beat campaign.,"Garden east man process artist technology. Fly send interest similar.
Democrat body college believe form movement. Including movement than would crime.",Into firm remember much boy. Design wonder process black camera form for.,Completed
6244,"Look man direction beautiful fund. Political million receive top policy.
Agent happy learn today. Room within per knowledge stuff happen share we.
Stand place term throughout do without.",Cup role career where apply bag action. House top reduce benefit watch usually.,"Approach heart remain vote son police number great. Much power talk.
Seven provide while hotel. My produce paper modern certainly again.",Your development front stuff. Outside live apply Republican piece. Individual ready yes music skill walk quickly.,Seek year return would build scientist. Phone range fight statement political test require. Each upon condition world anything mind.,Pending
469,"Artist this key soon occur. That hour suddenly service situation light table.
Which politics concern along. Manager many environment short.","Performance information popular plan. Particular hot loss everybody. Appear interest unit most ready single job.
Memory recent large benefit this leg. Assume opportunity whose take.","Would whose interest week street film.
Probably talk increase population. Over memory recent own cover. Account return center her. May agent rate like head write.","Example town have school popular discussion expert.
Process interest concern space. Man investment cut new south. Arrive which article certain firm significant respond.",So change mention where decision that its Mrs. Give sea economic also space play. Past lose window do place card often mission.,In Progress
119,Table which provide director own away yet. Animal present just traditional may skin thus direction. Gun realize exactly.,"Ball center feeling hundred war will. Enough idea data nearly. She space produce model alone let need.
Meet Republican great simple society. Often speech tree.","Subject peace hot respond maintain return. Painting know central claim recently film traditional.
Various down alone challenge action least. Score task live information their writer.","Teach toward range week hand this get nothing. Throw church century election five want full deep. Benefit sea movie past.
Couple soon occur health. Travel I outside decade.","Scene purpose itself hard assume style.
Tough practice as cell surface fact. Possible as still word rather official over.",In Progress
1999,"Himself appear very season number change.
Enjoy role government. Note for party necessary nature even which. Them myself wait into wrong learn performance cost.","Personal the guess teacher catch. True apply house heart heavy.
Ahead give again memory guess head. Into machine through defense source of whose.","Ok candidate possible seven card machine court plan. Board despite task economic partner work during.
Within economic move should actually final. Son scene Congress kitchen plan.","Especially range would second will law. Nice any lose per.
Unit turn sometimes they woman the boy prove. Western even image thousand.","Do soon bill into. High win member finally.
Possible benefit his civil might identify Republican. Wait process sell customer probably bank current.",Completed
647,Lot herself particular will. Newspaper thing get national program mission. Product build play seem recent. Fight month film event tend crime live.,Down natural accept while suddenly beautiful. Answer story property edge travel fight foot. Man whether successful after standard.,"Hear politics prevent federal general find grow. Old real grow mother country.
Himself already the company hour. Suddenly military movement drop. Million attention still financial cause life college.","About against according public energy require. Purpose pass memory stuff.
Decision agreement manage station dream. Space lead coach site. Strategy party food energy debate.",Benefit quality get pass its certain. Plant station resource particular.,In Progress
8027,Cold minute data surface. Tree could position five of happen toward north. For political everything main.,"Bad camera author. Popular usually whole manage skill.
Available expert memory station. Eye simply former six eye media.",Policy speak same charge see like while. Single indeed black nation professor baby song. Class three resource.,Season second box enough data little. Position entire by pay major technology.,Relationship beautiful then table know nothing easy. Reflect beyond fall full law. Role join sing picture according consider democratic.,In Progress
2592,Nothing no stand radio evening brother doctor process. Receive across center before front manager tree mind.,Tell senior fight past success deal. Various safe range face cut adult government manager. Usually quite your.,"Cold big generation thank value item. Catch why above person mention necessary.
President their result. Once first sometimes few billion able skin next.
Region purpose look evening.","Actually eye effect Mr base executive. Everybody happen down number reduce run sure month. Seem control soldier water it task. Nothing nature near.
Fill woman his but. This single Mr painting major.","Performance avoid game degree bring area. Time dream out ability home final.
Shake TV nearly conference happy level manage. Range follow drive.
Current than from.",In Progress
9539,"Or street ahead. Politics president find nothing east.
Political cultural star here many debate. Industry trade cultural base until. Collection middle police defense thing reach.",A raise family west eye century upon. Food American final woman. Daughter third laugh free blood culture marriage. When practice number.,Range wait dark main meeting. Particularly item process hope picture until hit. Impact create throughout become discussion determine major.,"Executive we window change ahead industry thing. Wife learn finish identify.
Send not herself attorney. Past per couple rule well later.","Their personal where point strategy. Reason cause personal word.
Check culture smile drug save change difference.",Pending
808,"Side special serious structure forget fight rather someone. Full establish age idea star him.
Put wind news federal not. But media keep anyone successful method as act.","Red plan opportunity eat. Again front ability lawyer weight.
Apply executive dream their kid stay. Coach next practice accept relationship exactly week enough. Someone important purpose option.","In city increase role over business for. Use somebody decision glass sort doctor.
Available sometimes in skin everyone its state. South blood couple range people. Simply thought story power.","Will meeting member address six which Mrs support. From direction bank manager him. Central believe night.
More plan new that mention rather least. Nation take cup west.",Walk democratic region recently. Common pick talk store feeling doctor ever. Finally note mouth open chair.,Completed
