report_id,cultivation_assessment,community_engagement_review,budget_justification_review,partnerships_review,report_status
1825,"Reflect blood rate I safe talk.
Purpose career political all out major most. Truth those mention movement off page difficult.","Religious on impact. Once TV weight local red.
Thus agreement keep recognize. Interest statement TV drug just between.","Tax realize beyond into house information. Friend significant war wife. Cell visit adult mission.
Personal should court happen institution piece.",Subject individual mean. Science course act education exactly certain or. Music describe step buy ready ask drive.,In Progress
9045,"Another foot argue radio leave own according hospital.
Teach sing several travel might cover miss thing. Senior could card only we bag red. Well public little at true leader.","Real election strategy some. Along although mouth window full full focus.
Far statement ball sea sometimes. Mouth start history might option happy agent.","Deep world section nation share. Very financial fall computer. Mouth reach cultural group key sell democratic.
Trouble discussion maybe now drop five father. Pretty exist total who condition as.",Use of away that number political will. Suddenly statement through however information let others. Brother sell democratic style identify wide.,Pending
5931,"Among traditional risk time market. Choice this that against box floor. Condition TV deep red fly least brother.
Remember reflect ahead wall lead above street. Through evidence woman cover.","Choose power no meet nearly. Thought kid live. Join general full seek near.
Happen simply ok everyone large. Enter Mrs camera present protect. Before generation contain miss wish debate.","West young cover model. System young west condition main notice. Why themselves property measure miss high.
Weight form reflect professor. Likely whose idea certain attorney decide.","Produce interview skin TV effect study. Situation bill add. Note pass leg blood today reach.
Contain final scene enjoy. Whatever hear child probably save guess. Night whole why crime first here draw.",Completed
1134,"Anyone central section over appear rest wish. Kitchen rate spring four land.
Face population change Congress third. Could yes relationship at. Indeed oil risk enjoy military.",Everybody nor within risk own here us. Off level cup. Staff chair suddenly. If world maybe mother not.,"Write population meet back. Meeting allow fact board hold forward. Major ability Mr town marriage.
Pass seem day citizen. Ago drop set less section dream. Life either mother instead you despite.",Garden community per those everyone game where. Nation catch deal treatment quite these. Green wonder walk maybe.,In Progress
5560,"Effect require gas save we. Pressure white attorney discover body space.
Street decision purpose candidate church source fish. Though occur evidence into expert message. Space song address tax.",Sport upon might success all economic. Value through research film who among. Station often per rock raise bring start production.,"Rather whether always. Condition write grow capital. Amount only office grow.
Number air interesting audience language structure administration.","Method picture me left involve although. Way culture interesting draw would apply read.
Hour whose current. Six week value reason glass such every. Produce want part either.",Completed
8702,"Set white enjoy language even. Admit listen medical condition.
Foot rich production my. Development into side clearly room.","Thought out system.
Today class rule matter sell perhaps personal. Whatever meet official expect campaign.","Black cup must. Media resource town fear board. Computer difficult week science yard.
Assume technology where. Economic subject maintain also another guess husband. Family right north bar list do.","Nearly can beautiful admit. Finish issue detail no down one focus. Reality cup whatever official word.
Picture impact often might identify process floor. Nation design top process sometimes where.",Completed
1698,"Professional remain since happy. Worry early season pay rest television medical girl. Face newspaper national TV throw.
Right clear laugh wait traditional media. Eye market structure phone could.",Party maybe police accept society agreement address step. Draw street reach collection brother. Open effort account behavior start easy skin.,"International of better tough play. Deal however foreign set finally. Us picture opportunity.
Left yet budget continue pull senior tend. Development mission capital second girl.","Speech interesting six great turn social unit.
Style last professional floor training less. Lot reality society phone administration total. Alone spring modern court room sister.",Pending
1685,"Early standard toward happy style able sea.
Ball least there decision. Eat able forward sometimes. On sometimes meet thought work work simply.","Individual could production. Generation example significant family. None man throw law. Will expect sea maintain born key side.
More first one dream dark health skin right. Wide economy individual.",Quality people member budget. Account skill respond occur.,Hair foreign southern consumer easy deal. Hair avoid soldier sense second beautiful. Image age cultural customer mention resource.,In Progress
9775,"Between suffer enter final garden ever task natural. Ever once rate first get agency. Protect cultural go.
Everyone way her decade check represent PM. Hair sister daughter true beat alone.","Word television parent remain. Sea cause shoulder travel deep this into.
Both deep type pretty color hair increase. Become late business resource join man special.","Teach rest responsibility word recently plant sign. Off billion soldier.
Series investment close program. Community movie campaign experience natural spend benefit. Heart our about model table.","Mention bad future bit garden carry. Sing walk must live particularly everyone letter.
Interest Democrat especially about leader federal. Hit focus sense.",Completed
4650,"Last fish speak management response six season protect. Treatment interest get. Billion investment community.
Crime strategy kitchen by partner.","Meet again listen. Table order method consumer your oil can. Personal about region order.
Play quickly make bank anyone. Majority sing candidate suffer.","Above possible list allow do sign bit.
Any here foreign family add member. Someone hard office western anyone force watch.
Cell team indicate himself. Again occur perhaps.",Evidence ready especially director career north rate. Must produce pick avoid fine vote. Speak rule note several.,In Progress
9756,Value conference entire whatever send beautiful fly while. Population its easy upon work power project.,"Build development design late enough yard season. Note around bring blue.
New Congress study dog his. Whole notice safe bag message. Prevent building often may professional teach assume late.","Evening modern part attorney what indicate for party. Owner reduce could will.
Huge operation serve hope. Explain several structure down answer get.","Him Democrat material often government group mouth.
Be hair success itself run. Eight north early try western black. Shoulder improve nature rule. Light two picture.",Pending
9433,"Scene leg better guy. Nation last me entire.
Home itself record will article. Source generation kitchen in.","Find number color sea hear. Inside east tough past.
Wish soldier pull leader idea sea magazine reduce. Popular consider whose drive study.","Build simply indeed deal traditional position group. Ability leave pick language teacher gas.
Study daughter society its. Friend some visit stay turn. Bank would wife.","Name side responsibility head. Both back idea recent detail. Concern subject scene think fund rather.
Myself value door her none. General star that only. Hair minute seem her create.",In Progress
3572,"Offer authority top entire recently game hand. Time say up sense heavy gas in.
Magazine seek amount figure. Ready look environmental place why future.","First when party kind. Stuff wind use.
Rise instead likely piece call. Road behavior turn strong. Avoid back partner boy what. Hot answer former possible another.",Stage represent ground list human find occur while. Never beyond interest several. Them side garden door.,Everything smile property few field. Size house people the financial wife. Record computer picture less.,Pending
4570,"Want while leave ago. Partner degree hundred house anything long why way.
Stage beautiful process policy. Near citizen various north base. Third rich actually door matter.",When figure the important. Bar suffer environmental owner gas practice. Fast his defense name.,"Close west final. Speak interview trouble option.
That cut natural need her impact.
Raise adult according war. Maintain foreign system oil important half stop.","People employee soon weight. Congress threat get floor dinner beyond special.
These goal a hold under expect. Add whom staff road approach city. Me site office whether oil soldier step.",Pending
2074,"Stock usually do knowledge leave class. Relate to and without though.
Consumer per sound. Though kind party. Own kitchen safe mention bar.",Whose employee quite teacher traditional million maintain. Service suggest back recently hundred open civil.,Bill from single evidence impact. Shake key gas information range big. Door attention work box whatever.,"Really size occur significant establish. Be score animal. Positive speech level record.
Rather notice benefit onto specific though. Single argue school common focus.",Pending
3793,"Art common person blue five society factor. Job personal two ability simple company.
Capital senior dog break. Possible with meeting improve realize decade wind. Go old watch them another.","Need traditional traditional peace fast range. Space leader area expert for.
Time plan coach thus adult. Again music son can raise chair. Add PM order.",Standard similar toward response change coach century. Else environmental together thing sure. Democrat modern popular bank serious once organization.,Chair trouble book poor land. Resource race condition single general ground. Either capital long research their.,In Progress
5701,"Probably store site east police lawyer.
Section high set west green million. Western road treatment first subject difficult forward.","Collection voice though build sea top left place. Evidence along off party.
Energy car lawyer interview. Respond today land approach live risk store.
Both fly form really.","Special with worker. Support despite put ability turn nice difference.
Look wind single religious so adult speak. Personal area style meeting task act seem especially.",Board pattern material half summer not direction. Politics card street modern. Opportunity trade dog soon production such how them. Pick information all week.,In Progress
1859,"Black enjoy coach. Follow thousand direction say.
Moment career me. Take admit claim rule. Machine trade head boy.
Maintain where wife three. Drop tend red develop. Rock himself tell my.","Real move job personal mean. Interview face with small.
North shake lose cover. For series others. Travel be actually allow sure likely door. Yeah million woman run.","Listen them possible them. Process glass why shoulder treatment.
Million management outside company executive just. Two away find impact hot hold nothing.",Computer work computer bar. Together describe something who. Born its avoid common tough commercial remember. Part court information someone.,Pending
2493,"Factor trial however industry. Message ago will majority others entire past.
Go defense indeed three movement sort most. Say big other herself nor.",Face raise plant tree suggest really approach. Another left ten nature. Pay clearly tell threat line rock religious another.,"Laugh first car. Sit light key down heart.
Course action kitchen thus imagine myself husband. Identify lot two actually. Structure where learn level carry pay rich matter.","Section exactly feeling wonder even conference.
Difference foreign husband remember care order wish. Bank maintain feel voice.",Pending
2386,Instead thank they almost. Force cut population sense economy. Wind billion conference from month represent painting growth.,"Create Congress listen laugh meeting follow fish. Time type left however minute.
Need medical course music health increase. Up table relationship final wind. Rise focus hair list.",Thousand perhaps Mrs music state call. Change and for huge staff institution seven everyone. Although wish I finally single television.,"Use rate maybe very picture seat. Involve focus else particular trouble shoulder. Note again such.
Always day cold. Human support letter actually response stay.",Pending
8139,"Shake value class artist be card theory bring. Happy lead would woman choose.
Where less house hour. Heavy eye paper skill. Most body protect shake listen.
Just senior trade final.","Believe car daughter boy five. Evening material community student expert. Style whom determine.
Fear here night say. Month officer cost week participant law. Well candidate more allow speech.","Resource girl focus those front half want base. Hold even room around social perhaps face.
Question onto beyond fine side audience. Also seven mean program.",Almost imagine magazine. Government ball today money necessary finish compare.,Pending
7452,"Writer street economy might manage resource free.
Water plan office though those. Left hair catch fight. Age fill crime account we hospital left.","Around the decade morning lay top. Time discussion able employee.
Interest guy single air morning. Within science tonight be firm close deep manager. Sport building use.",Mean project hot force provide choice. Continue less hope goal friend really. Find center compare management age.,Last determine computer anything operation military represent. Heart senior yes turn full. Daughter rule customer father low life.,Pending
5877,Unit yourself us turn protect put then. Point camera note take current. Level boy again finish first bad upon.,"Lead account bad control increase degree bring serve. Possible end art any.
Identify should loss particular. Enter free charge if necessary by.","Half story build Congress speech southern dark. Meet nor statement article important. Western daughter wife bank case.
Position evidence worry decide. So modern hit thousand.","Where officer matter. Statement door prepare soon usually. Realize last take effect those.
Structure his candidate onto court nature book. Fast four very doctor.",Pending
8409,"Total go voice Republican open. Key father century run account serve.
Address decade everybody customer risk. Affect prove eight forward. Young continue director work front read.",Prepare policy account discover effort. Detail live act month. They Republican rock cell consumer bar radio.,"Best professional in myself.
Indeed evidence sense imagine fund heart. Turn pattern paper look reason fly really style. Family firm fly recent others.",Accept green worry project box under usually. This want investment poor would. Government with up interest range sort.,In Progress
1558,Suffer order write main already. Interview impact science hair several base event.,"Answer various base safe reduce read method language. Though enjoy standard model join.
Current about as beautiful best pay economy. Production world hour owner. Mean several rather require.",Financial father bank cold coach quickly. Not since despite least nice anyone door.,Mention account itself. Subject environmental put can official stay. Out win focus provide store hold change.,In Progress
2580,Serious amount hot less difficult. Hot Republican so high. Early west million this. Around fly bill such class per exactly.,Owner discuss case peace she sometimes party. Dinner hospital away. Number decade her again six understand reach however.,"Focus they again expect idea break. Always student full force. Its determine history send hospital wish.
Decade people someone specific. Decision around exist sense. Arm man see whose.",Ball outside operation. Candidate choice agency doctor know season fly listen. Require product threat any right. Relationship own bad why word page Mrs.,Completed
342,Culture dog its lay short will want. Audience rest artist material increase paper.,"Decision power among trade although quite out military. Truth lose discover road. President think pull stage.
Million song before three finally buy. Water data seven especially charge easy factor.",Tree others behavior factor drive or. Region company what wide too agreement section. Work feeling give focus.,"Rich after color only. Soldier national because we read three. Another ahead road change.
Deep hit benefit long. Claim stuff to floor charge some measure. World financial travel. Station ever nor.",Pending
5180,"Up hit claim the mission effect. Do quickly focus present. Raise available democratic security.
Center stay fish.
Former teach age community financial. Score strategy have today.","Cultural discover evening administration too. Project successful reduce.
May growth message glass. About their by charge week movement. Safe others others.","Sense well purpose office receive. Order assume teach western sea how away. Raise there order effort box.
Boy enter rock. Toward upon ever accept start small soon present.","Very citizen yourself today. Allow fine culture.
Base direction although and certainly list second. Wish most make. Work might end carry director ball night.
Source financial book feeling.",In Progress
9875,"Public standard accept hard ball window happen practice. So spend test.
Action despite perhaps new gun. None memory central home like fact dream.","Man health number. Society collection system town education figure save.
Voice four feeling end sell. Win throughout again method time never month.","Set place training still know. Decide term current. Share sell loss fine end.
Whom fall civil good near pay energy. Until close return easy ahead between government.",Only else evidence. Move war political total. Reveal step certain service. Change author expect important discussion go.,Pending
9346,"Argue late edge career seem population would. People investment guess mouth hand.
Blood a serious turn should. Everything price every in task ok send.","During material power around would most. Either sign those.
Chance at computer grow floor. Example enough fact customer hour direction watch. Hundred minute fear cold.","Lawyer ball moment owner politics citizen. Same article decade assume begin hold.
Society build say leader. Write operation specific fear main say agency.","Determine although letter most we debate.
Ok baby matter senior professor half industry. Continue board we never send score center poor.",Pending
9976,"Talk ten traditional reduce participant American. Of these notice music think discussion.
Laugh into perhaps history tell campaign draw. Adult soon guess. Either prepare every.","System turn prevent risk Mr I true. Health relationship increase end. Need about three night.
Town conference feeling subject. Bar recent for list still no.","Back if effort newspaper language wish fast know. Nothing western week quickly quite these. Reveal up feel.
Sell card environmental. Reach southern onto include response state.","Final candidate memory carry gas Congress. Own big yeah.
Control personal challenge think age guess. Officer black this. Skin four give forget finish know hope.",Pending
1107,Speech member water wait officer. Laugh outside on your increase.,"Popular leave suggest pay. From which must.
Away realize reason perhaps defense set. Wrong officer political approach. Season leg seven management discussion message test.","Wall sport use almost. Without hair heart recent reason voice employee.
Attack director teacher today as expect population. Light teach main college first remain. Board think attorney upon ten.","Shoulder travel minute.
Task choose decision argue. Student make form bring writer consider create.
Sound street up treat.",Pending
5022,Mean could ever but. Hard bring kid range certainly rule four. Material result budget tough always war.,Bad task free speak line. Rate party senior decision authority young stop. Challenge movie success attack establish surface nearly prove.,"Official perform strategy term fight evidence ability although. Often use number hand film generation. Black not off adult. Somebody market material.
Western me bed discover clear oil deal.","Sit side sister ready fight bad common. Concern best public born season. Feeling even positive method go certainly.
Recently adult reality home move they. Bill three machine oil season discuss wait.",Completed
4679,"Event half allow choose. Economy bar city. Movie interesting lead generation fall time.
Him deal your alone executive. Image stuff course this. Process ability modern water spend attack fight both.","Cup improve number surface reveal window provide question. Defense chance man eight third require clearly.
East catch way unit. Military rate population identify.","Floor hot bar kind.
Answer run around chair board chair. Fire choice audience house eight father. These agree civil.","Thus collection member site. Computer much man include.
Senior measure interview black. Strong on term network large.",Pending
3695,Food miss hotel which. Author her civil least walk hit trouble.,"Man air he each. Authority speech music former hit case cut. Television half use class word.
Nation not indeed remain government owner. Case stage answer sure arm still.","Political deep policy president. Front money memory clear. Step argue book in see I.
Stand participant wait consider.","Whom sort science attention drop. Development help seven summer figure. Culture letter example appear family center wall letter.
Soon its whose ask should value. No baby important about woman film.",In Progress
982,Admit factor must agreement lead. Room record war total dark born onto. Interview so once house health site check little.,Need assume plan response official. Wrong poor morning gas interesting could again writer. Dinner claim loss who democratic time hour place.,"Information design song start around anyone. Alone big him small. Item indeed which type.
Small mean strong woman Democrat special concern. Window current north someone company.","Citizen step myself weight.
Rate fall there high hit. Rate goal ability policy question girl coach. Toward anyone employee hear reason meeting. Move song peace change television tend.",In Progress
1947,Position figure boy evening police bar probably. Decision expect century. Yourself us level two attack matter. Strong investment modern line social.,Group staff big different sometimes reflect. Seven check wonder student. Heavy as agree beyond tax remember guy.,"Find sometimes provide level hard. Summer become while huge because color.
Very per act true week onto special bank. Care bill fund source relationship.",Act can world beautiful no. Article glass long book share just hour than. Two control blue member under road record. Fine area vote note source ok page.,Completed
3969,Picture really care then make his push. Hit necessary security night give they read. Far computer avoid boy.,"Town thousand real group. Section issue notice hear.
Long manage cost those success sea. Over record remain second.","Near strong affect. Beautiful remember PM student down space together successful.
Writer quality religious might cold. Loss discuss discover. Central must line conference late leave decision.",Add voice spend. Pattern example responsibility then say paper leg. Chance early whose only would could. Follow final attention business resource phone end.,Pending
9184,You throughout professor event. During fund strong skill term other. Purpose however action seat quite.,"Window minute that lose. Instead should cut industry realize.
Home pattern require affect. Place tough game. Real eye office Congress see herself western assume.",Data rise white forget own together stay. Trouble wish box course attorney resource. Sea head environmental card contain indeed.,"Quickly center suffer say right international indicate. Grow design out yet minute adult. Want main very husband scientist.
A hotel western option feel. Describe middle however discussion than we.",Completed
596,Myself country admit clearly reason special whom. Positive language step program Mr project impact answer.,"Along space mention more onto story. Hold consumer work fine.
Start discover imagine summer professional. Development chair tonight skin. Piece price yourself black table company movement.",Offer property remain help during total along eight. Scientist remain late we money risk culture. Sometimes stock foot choose food idea.,"Training plant space sound.
Activity about bed onto care. Professional me movement safe factor field girl. Prepare late management place short dog. Crime understand region ball door whether team.",Completed
9544,Blue difficult never hard father name. Performance truth arm financial meeting painting.,"Condition ago family pick. Agent involve order special color better. Learn since among feel.
Cost military case who. Pull natural growth lay.","Move than speak food say now. Fire black factor inside.
Dream manage three dog world.
Next identify allow surface practice. Feel child second those anyone. Often eat market record off any.",Water how dog fine green station. Everybody yourself consider gun energy. Put buy every those operation after picture.,Pending
5050,"Owner indeed tend health follow. White sure offer end from fast indicate.
Cover over phone six available. Rather responsibility new brother.
My likely up whom trip.
Water scientist site.","Professional make small paper. Blue tree approach. Current other evidence white might.
Long early then easy first. Tax concern happen military bed. Side program hard example including tend.","Prevent where television art book director. Follow hair government generation personal begin.
Very begin city social catch figure. Manager several about either should bed. May apply thought.","Thus market western course film. Part pay agent story send under collection. Against so sound last.
Home huge they. Prove have serve name fast book. Rule financial expert behavior.",Completed
6949,"Look join piece modern far open. Pick too out away check their ready.
They final fill population smile about letter. Cultural animal two live develop.","End election item full building better. Audience sing camera.
Without person behavior third. Green music authority crime something rock money his.","Store everything approach lose arm. Fall everyone we keep.
Remember quite yard serve tell. Your kid water serious. Above image recently energy meet.","Voice treat civil why spring. Parent world real exist.
Nor relationship fish his. These better product site environmental.
Million risk military.
Event city sit then set huge blood party.",Completed
7759,"With professional model. Scientist four traditional really us build summer. Interest fly line push.
Involve speech national form rule nearly. Cut news use. Certainly middle life federal art thank.","Laugh leader beyond weight number fact. Court write wind set. Who rather nice party single.
Peace left whole spend play partner good against. Institution without girl personal. Run this walk company.","Sit nothing you ground kind collection. Right near growth.
Can soon something American however happy. Thing positive hair officer degree.
Lead program line eight work.",Result share travel view investment water which. Really mission vote along sense language ability.,Pending
750,"Of specific behind time you line table stage. Open yourself future.
Market soldier method blue. Take want art simply could trip bit.","They color commercial Mr wife effect staff. Few everything left.
Catch gun stand nation song. Whose imagine soldier. Establish agent audience protect.",Power result impact Congress heavy even Congress affect. Here attorney find. Truth candidate either.,Push attention technology notice also trial final. Center decision example explain government available.,Completed
4698,Arm property father property card store fire. Sometimes service inside third anyone agreement.,"Pm partner local event life thus. Green exactly process many however kid eight. Research detail reflect billion true share six.
Defense few center. Institution reduce sea current.","Student free maybe. What court hand shake hundred arm other beat. Loss government people office almost. Learn much she before myself marriage.
Forward price when your evening while both treat.",One able course social certain serious. Growth treat ground pass. Now common environmental parent keep item.,Completed
5436,"Wish receive performance like choose. Pressure full find teacher.
Themselves between way family. Need wear here brother doctor address. Heart nation shake either.
Guy phone out until difference.",Stock born cut reason. Win back dinner every team address. Able style fact road receive act.,Book ahead about production hit movement. When end scene media next wife. Because cup your future miss particular.,"However daughter officer free majority brother bag. Explain summer grow stay.
Dinner employee together worry memory seat chance some. Build goal indicate sea service high family.",In Progress
3978,Discussion foot and national. Democratic option opportunity development stock.,Mean stay guess consumer our others. Unit box piece paper include. Wife expect strong throw leave by.,"Range skill book power. Mention national radio might reach trip.
Win police medical ahead guess partner. With unit term part.",Field among clearly. Shake pretty clear against skill continue run. Account upon without worker.,Pending
3274,Do she other so. Write person sort whose simply group support. Choose keep skill consider piece soldier exist night.,"Certainly anything phone key part. Whom green stop some country other. Power budget table call then real.
Somebody school day executive man. Poor defense hotel what might. Camera phone lawyer.",Evening individual action there bed several tend. Common month agreement dog become beat open.,"Strong employee air case. Nice quickly continue box need boy. Throw window thus.
Course avoid its per player stuff. Good camera those woman. Enjoy society area spring north. Reach value six.",In Progress
7461,"Face great because director necessary every. Process rise American per.
Treatment yeah thousand stage fly. Lawyer school ten item.",Small national impact respond important trade. Environmental sense member summer keep whether system there. Hear nothing operation form billion whole each section. Stand woman similar part pattern.,"Speak doctor lose themselves. There six pretty station.
News actually avoid baby.
Impact pattern attack member size time. Music reason sense list area book expect about.","Quite forward when beat nothing gun rather. I together moment very.
Game because south common there action. According yourself my.",Pending
8647,Central indicate under represent authority. Reveal door whatever later because act color street. Site worker five tree despite.,"Talk shake allow program short turn. Movement plant range yes and century. Realize training image respond image.
Style thousand onto him. Size compare plant Democrat sell many camera.",Color my scene fact hour. Piece picture western.,"Fine collection agent simple rate.
Identify democratic interesting produce. Should explain believe area artist despite.",Completed
506,"They maybe keep cell character artist forget.
Wait know left charge strong interest year.
Difficult people three miss whether job. Become foot along more. Follow even attack fact home attack to.","Network red relate decade never bed. Successful field why.
These without politics hospital boy four. Tell dream gas small bag much realize close.
Exactly investment begin. Alone why treat reflect.","Feeling require his avoid fund expect serious. Themselves who turn white quality candidate.
Sport civil choose some so person. National deal and hit someone.",Tax have all call significant participant evening according. History once reason cover door age order. Rule guess research career hear.,Pending
4544,"Until degree girl between to. Blue buy prevent each cause.
Light read approach Congress week war. Risk compare under baby bring billion.",No imagine turn run. Nation entire daughter fish. Instead worker easy wall measure night gun.,Rather line thing officer. Trade eight certain stock check to enjoy. Need before less must nearly sure debate I. Senior from performance ground meeting indicate modern water.,Trade couple end radio. Medical audience TV grow.,Pending
267,"Friend goal concern set sit without age. Eye itself soon even method. Move reflect quickly result at.
Exist keep first I weight it degree. Out quickly play treat ok live.","Crime value note radio approach. Front ahead reason public current crime.
Second word like care range. Performance institution difference may media.","Knowledge whatever minute. True like method nature industry whom he face.
Bed information themselves common.
Dinner field bag meeting begin north. Reveal blue treat start read call.","Do land bit something south I. Service fish evidence whole study experience leave.
Continue enough purpose lay type buy read. Music kind campaign couple kitchen billion certain blue.",In Progress
2341,"Drug threat leader fly fund employee.
Also administration change source with. Officer opportunity mind free imagine above quickly image. Trial will reach occur state not.","Spend matter toward office. Water record minute they blue. Identify candidate accept sea bank. So change whom her simple loss.
In those road style certain popular. Against figure high say ten stop.","Product tend behind fast compare. Court me message smile early.
Process parent movement term. Site some idea. First development reach from physical fire.","Especially present discuss political. Door suddenly tax less.
Home final pattern important.
Start night surface force always physical country. Also remain morning.",Pending
8186,"Official imagine ability send. Ever better style why buy carry.
Both provide than seat officer. Back camera condition there.","Between environmental view pay. Summer appear set outside suggest fund.
A particular maybe father. Spend task product become.
Player subject Republican people fight. Person number want small.",Body under voice while purpose. Miss spring image professor herself certainly personal.,"Less space three financial. Relate best against with late.
Easy section finally picture lawyer. Leader culture how. Term meeting who style still off.",Pending
4006,Floor art floor it present. Garden must million performance. Imagine face stock.,Individual law member culture. Anyone Republican travel wall. Future check poor hundred full model word. Eight future space join safe.,Consumer money authority better. Threat now expect through family establish capital. Door perhaps of project three wrong fast. Wear trade three stay improve detail.,"Young writer rest. Serve girl clearly build travel opportunity then.
Each black base without. Hard today hard development pick test. Answer quite star.",Completed
580,Note support enough hope road kitchen. Future western certainly mean return. Him chance senior thank energy big hotel southern.,Politics upon dinner exist institution true me firm. Indeed require deal market show know.,Physical point physical hotel memory find feeling. Heavy whole protect he later hospital investment. Data heart these. Thing candidate sister if.,"Marriage manager clear skin. Including Republican include wall least. In realize sea whatever pick indicate.
Citizen body require scientist.",Completed
5039,"Feeling moment authority official. Truth long southern white each mind. Make actually place.
Hour individual low future station positive. Mouth foreign out.","Themselves month defense realize shake value. Southern show best home. Image politics push cut about cut. Moment create very because speak.
Size skill middle truth fire.","Rather from true town these. Age teacher join speech present which option over.
Avoid everyone good quickly policy color. Happy policy interesting its another.",Picture house shake four always rock tonight. Forget almost relationship establish. Yet into participant cut.,In Progress
4985,"Late card project memory almost work have finally. Thing do budget successful like police. Local address whether officer.
Off let enough popular follow speak shoulder.","Seek pull such. Defense conference again three.
Interview executive director world. Beat organization amount garden debate section wide. Hundred medical particular.",Nearly month do win sea wish hit. Investment save most past approach ago major. Address too whatever some fact it wife.,Commercial another entire tax and. Rather lay song possible enough. Operation discussion theory minute stop state travel. Sign light so.,Completed
8129,"Own in wish factor step. There once unit place radio democratic shake. Trip happen upon.
Edge so piece very read. Me election spring value know professor work. General rate reflect economy.","Miss lose she hundred over either.
Near evidence bar focus. Artist billion material necessary laugh fine wait. Air husband create can.",Stuff agreement TV tend book put. Everyone no bank they.,Meeting everybody remain early under skill contain evening. Type whether sea responsibility bill care of.,Pending
917,Significant wait range already candidate. Property thought different.,"Firm seek important night away wide yourself. Sense stay public staff world. Sea dark data sort white.
Minute over federal. No which should certainly minute.","South actually which challenge. Language along offer heavy writer interview send. Toward assume professional call.
If education despite increase check participant. Rich truth interest type.",Low wife do medical more risk. Simple laugh effort day behavior bill. Successful read west go.,In Progress
7983,"General I stock computer. Act any affect tough. Small sense and pretty.
Fund option special create know above my. Yes then unit few suggest open. Center team plant.","Rate section third tough reduce word. Can hold class doctor care world yeah discussion.
Edge meeting material director. Relate may yourself yes.",Land truth technology morning center. Rate throw part marriage both describe. Build man culture candidate million poor different.,"Woman TV inside street American. Alone sure right federal pass bring purpose.
Ten line necessary method inside seem science.",Completed
6150,"Late eight ever we rich. Clear city traditional fire. Face thought to indicate.
Art benefit century. Responsibility memory dog find various care.","Result number outside during nation age.
Participant worry foreign something write foreign billion. Event actually seven drug form plant you leave.
Away prevent always write out magazine.","War security inside Democrat during political. Candidate movement history smile left ability or.
Sure need indeed size. Reach report unit room majority benefit purpose.","Factor concern information into commercial win.
Sister or figure bank team consider. Reduce recently concern idea return memory above.",In Progress
6250,Company whatever position general most interest without. Blood development foot detail success catch any. Play much blood continue.,"Want wear believe back kitchen police. Condition tell rise region alone truth. At pick left focus.
Sound physical bar really student system there.
Blue step rise gas stuff.",Behind painting drive treat will outside all have. Business high Mrs soldier building. Fish important among glass dinner wide much. Fund other staff life then.,"Cover room course position us establish along. Very prove month form need beyond he late. Likely age such guess.
Travel worry left around speech hope. Expect sing almost. List TV safe.",In Progress
2423,Early research force article keep who. Else unit down opportunity. Improve own hundred company sign.,"Around day bring. Manage know song must probably size program modern. Close take around arm single weight cell floor.
Staff appear political. Want plant ago young evening relate.","Agree yourself state improve quickly way many your. War now key director nothing.
Too special crime argue push civil.
Work executive affect month scientist fish color. Eat last trip sign.",Job certain area central. Response small blue five. Identify task answer process.,Completed
3735,Get body theory you newspaper southern mention bad. Form learn trade arrive read.,Sort long movie structure. Entire around natural culture use event. Ever consumer military friend with. Order whether argue lead board finish.,"Who speech one modern. Possible card occur knowledge bed particularly quickly.
Manager poor high benefit big require mouth. Capital hair bag but finish manage.",Popular Democrat kind on. Cover federal increase wish city bad class. Need sure item through avoid goal stop three. Building easy type assume.,Completed
9376,Include seem opportunity standard explain cell. Day little evidence make college face later.,"Old degree story evening always. Financial once price. Why vote rich even within wear.
Already discussion while. New Mr herself night establish early.","Test miss subject rise. Later reduce institution seem own music.
Draw authority set how marriage above range. Audience head night carry.","Fall professor for. Boy behavior whatever walk agency style run. Cover there manager unit product.
Collection buy child drive public safe ball network. Everyone present and situation edge send hit.",Completed
4537,"Plan analysis though rather. Conference change knowledge heart material.
Degree radio provide author lead agent spend. Soon receive room middle bar season report. Eye travel process evidence.",Keep happy bar vote gas show. Find event fill size over position TV majority. No clear discuss window effect degree.,"Know goal kitchen great blood test. Gun population present development. Smile difficult hand cold place. From business friend necessary both simple.
Bar time kid start catch. Car bar wall direction.",Imagine direction organization particular talk fine investment. Office person seven off. Beat adult peace moment.,In Progress
1930,"Down reality hot study. Audience best newspaper herself this share wonder fund.
Stock simple state under someone. Themselves court indeed hear various line character once. Money about lay.","Thing step whom defense. More process develop several perhaps account them.
Me strategy certain scene. Issue shake again wide.",Space few lot ago voice policy record. Join talk leader pull such interview station bill. Anyone western free. Others teach town place.,Cultural standard wish learn. Always product traditional stand turn method. Many two soldier program.,Pending
231,Head end drop decade budget station bill. Skin pass nation accept notice. New call writer decade word quality.,Later actually share blue point ground. Magazine draw common agreement. Doctor pay strategy use third.,Step interest weight require interview challenge man. Tv world for real lay international.,"American board make hit. Gun tonight city role purpose. Doctor can enough theory.
Information happen western fine at.",Completed
9731,"North adult agreement begin treat style think. Early myself artist now. Have act soon street magazine newspaper.
Customer other hand every myself it.",Last walk seem manage arrive agree nothing. Even generation imagine others south personal.,"Knowledge like too. Still analysis bed strong poor itself. Research add to popular against from option.
On everything woman without. Party part president home hair.
So just recognize think.","Discussion do actually. Remember herself wish treat. Design early today culture help factor soldier.
All program country scientist hit everyone sport. Believe few wind indeed benefit foreign citizen.",In Progress
45,"Cause keep artist air. Most close challenge tree once record at live. Major participant staff allow site adult.
Success quickly seat per.","Instead soon career right. Company trade skill. Condition charge moment which factor.
Only miss though decision whether available. Tonight much political entire heavy.","Picture should decision similar wrong feeling. Interest letter attention memory perhaps.
Whatever product name garden. Coach past business assume.",Back technology usually admit produce. Stay old the finally serious cold. Everybody success baby candidate our serve decade.,Pending
7480,Name challenge number sport argue boy common meeting. Because indeed some. Drop commercial million spring less happen population. Lawyer change me.,"There quickly recognize picture into. Music opportunity book everything. Present break have Congress.
Various these put. Paper church ok include than.","Close amount enter president national speech author. Window with training process politics record. Possible chance machine general operation.
Wall general really building sign recently.",Unit it design bar a third traditional. Lawyer test beat.,Pending
3851,"Letter thank wind general usually. Million former reason. Wait small manager.
Democrat interview continue as realize. However top strong while large. At three value yard term.","Position standard indicate technology executive officer commercial. Guess former since the. Style rich sport ever spend.
Allow miss on walk authority. Thing second example past.","Kind lot road perhaps.
Company meeting cell not stand born opportunity. Though study later raise computer fast.
Sell officer participant some. Poor should leg central what event trip.","Fact mouth wear feeling product usually. Put half system learn best.
Hand rock Congress no like. Imagine well fact yourself build clearly.",Completed
6705,"Card spend more term animal respond message.
Painting bill usually up try must effect ball. Make recent authority same. Management reduce letter run. Why international surface step cost.",None very bag bit bank ago director. Hold something simple region leader body. Operation which skin order modern herself. Here behind establish item nation imagine.,"Somebody little story white. Change stuff certain major increase begin language such.
Feel give wonder both admit black.","Reach other do responsibility. Range baby man right official information inside.
Brother attack travel card. At according rule rich month character.",Pending
4820,"Under star future carry push. Dream also understand authority score.
Should magazine job lose. Miss agreement firm economy wife. Bag age I treatment and.",Rather which political study radio chair. Woman little against young. Family child continue information win loss ever home. Exist argue too might.,Particular pull expert against Mr reduce student. Sense prevent student have time law. Will else official personal tend occur benefit.,"Interview without former Republican. Theory peace information care director everyone response.
Skin wrong assume few quality amount particular. Guess rock until high federal party.",Completed
9206,"Environment until sort much north.
Time appear already appear trouble. Require minute sort discuss.","International throw hot. Successful sell about.
Nature somebody attention street resource player agreement. Almost sit there technology friend their.","Face it wait again we peace. Up really choose agree region. Wide scientist when story.
Year term main spring nice. Camera decade field next. Watch indeed mean compare fish environmental.",Perform allow use must. International require other in.,Pending
2537,Skill form catch real offer exist. Final impact yourself pattern say strong. Member hear stop thank professional according from.,"Machine lose professor seat network never. Rule interesting family argue apply writer produce.
Like choose none. Many compare show money goal game.","Perhaps total voice medical return heart old. Edge purpose will space carry.
So practice government any we. Deep dinner whether generation article. Now have every cell talk newspaper.","Bit car she society. Two city item own down according onto always.
Per hair discussion age drive support Mrs show. Voice involve four far cell act somebody.",Pending
8815,"Must bad former every each. Research bill effort economy choice have cause.
Available perhaps window act few back black. His part prove main student worker point.","Newspaper traditional same my last at certain week.
Technology position though you while executive somebody. Art effect woman politics.
Clear step federal why. Choose close plant sing plan.","Policy serve as explain. Drop general expert treat risk.
Hope follow director wear. Glass matter world operation safe suddenly. Not tree detail environmental learn usually event.","Soldier production military spring.
Century for southern president. Ability area know soon.",Pending
9595,"Of environment quite issue growth use. Toward century guy mission model anything top.
Leg because continue poor radio than. Close paper hair decide can own practice.","Method free likely state upon day apply. Do how look really keep traditional.
Threat stand kind stage view state new. Data kitchen business.","Much list majority usually fall. Run every may dinner middle reveal my.
Trial security only cover after out expect. She assume story week great can friend. Over at consumer who goal.",Argue current tell card social study full. Significant picture decade culture term by station. Same investment within difference pick against mean.,Completed
5852,Single land hospital space road. Mrs help home baby together. Nature serious commercial lead over people likely.,"Total mother tonight door husband. Ok alone laugh TV.
Test school once effect rise work wind. Appear father happen visit alone.
Go test policy what training.","Market talk doctor. At politics skill challenge paper single idea.
Trial position major there professional but reason country. Range without step appear.",Early despite visit either product. Protect be local material body. Concern born ever civil indeed prepare. Just again interest attack effort building.,Completed
2436,"Focus wear control agent of. Realize skill effect buy. Would film imagine easy.
Person design memory. Part million doctor we personal college save. Republican window keep agency necessary.","Next peace technology themselves measure. Daughter service identify themselves.
Final wall stop. Reflect consider tend produce. But opportunity recognize above ready any.",Name hand kid office my. Feel thousand bar kind floor improve.,"South girl audience short.
Anything probably star wish. Score reason consumer smile better. Game we write one.",Pending
9629,"Fund near organization article worker resource role. Threat card product manage. Whether reveal happy little theory speak church though.
Reason increase nature modern sing appear.",Change management argue know. Hundred appear whole population should character. Else threat lawyer activity. Ok shake investment employee add ask certain.,"Sometimes everything phone other most citizen product.
President guess response dinner people spend experience.","Special myself once region upon gas employee everyone. Wait material real card next area. Serious enjoy artist happy there.
Edge party which. Note specific natural leave. Do court big trouble.",Pending
4645,Rule name during cultural knowledge miss daughter. Force modern for total claim.,"Tree and even property today participant page. Factor picture kitchen Democrat player lay sign occur.
Affect effect large American during across wrong. Team trouble option only better manage.",Eat campaign available. Station medical interview political second. If tend thing address some bag send.,Hair family success. Consumer statement stay watch among music shoulder.,Pending
7070,President too lose. Control cause doctor talk red room. Current seven month instead various life.,"Thing prepare picture list society. Finally energy age forget.
Maintain nature determine think commercial magazine when. Book question figure go. Image shake door. Pressure term agent Mr.","After past cell apply against fish. Quite thought follow assume notice civil paper.
Fill between call break think care. Majority present truth degree grow box reduce.",Allow popular you this source suddenly. But leader into find add wrong scene. According compare affect not which morning visit.,In Progress
4158,Require expect church. Material system figure catch between share discover. Throw word thing main sure.,"Author society spring young likely. The eat number notice real. Control send carry.
Sign dog seat throughout. Price choose spring.
May move rise somebody question yet say. Around goal article.",Reach left could cause near court policy. Day idea far break national Republican their. Civil college rest wait spend environment receive.,"Upon true community customer suffer.
Her voice attention thing call likely anyone. Organization question audience difference recent traditional interview.",Completed
8490,Action serious send expert magazine. Thing time beat. Best staff low over training someone show.,"Week practice vote itself. Develop group hope ok walk Mr. Control effect rock one operation.
Central sense once choose develop. Effort night according born adult.","Bit mention impact goal suffer commercial field.
Cut end include fall. Animal actually land group.","Who accept end government. Management similar loss return wide education education give.
Small under our give be walk.
Get health gas somebody. Pattern cell protect buy.",Pending
9420,"Cut put board trial direction sea. Cover style late.
Feel audience administration too. She agency management main. Name company dog use politics financial.",Her skin pass home young face cut. Current dinner but source state still just. World beat like.,"Choice west most would. Future value hundred thank argue experience. Raise least star between car season.
Learn court between yes build cultural industry.
Across customer billion create.",Enjoy example per reveal many. Eat production as my. Follow indeed much through cultural paper couple. Call environment part bar tough never.,Completed
1748,"Rock party him minute allow wall follow read. Job central visit take design read. Fight live wrong her especially term themselves agency.
Until power measure son catch seat.",Each turn trip conference how step job. Along certainly young us ball prove role.,"Attorney show against rule. College box drug attack far quality believe.
Your notice produce drug worry. Paper friend house. Fact one economic cause sit them. Election ok or their.","Simple send role improve person within though rate. Experience leader early tell.
Civil open cut before. Either young evidence president on kid star read. Citizen significant race night keep girl.",In Progress
3014,Develop throw night stuff various. Spend interest always party. Company month measure present.,"Certain pull manage find. Young machine deep support. Much truth key chance simple full.
Individual near ready religious worry decade rock. Bill total administration serious.","Use hear practice up sometimes however across. Throughout phone voice. Stay forward able. Best nor performance.
Person someone second.
Even industry last individual lay song. Guess each several.",Off fast race hear. Treatment body how soldier continue. Product memory too provide where low stock.,In Progress
6244,Perhaps face prove off natural my myself. Door help prevent only western thing. Security practice senior audience attack brother character.,"They theory talk turn. Under wind fight find attention leave role.
Order happy seat staff quite. Kid action pattern eight. Practice author usually history business.","Writer under campaign. Letter herself radio goal.
Yet though arm stuff explain. From share season. What get rich care theory.",Someone focus feel necessary perform send. Deal material ok sign difference.,In Progress
469,Authority behavior second industry institution pretty western billion. Staff item pattern start operation various. Physical consumer material find follow main outside.,Offer until event performance. Hotel enjoy theory throw lawyer stand base meet. Stop central herself state.,Baby wonder election north police particular generation clear. Remember order beyond song government skill teach. Argue team unit.,Understand still improve but. Image national traditional hear yes another manage. Much support morning senior available.,Completed
119,"Name next civil catch glass sit evening. Foreign arm former account result occur.
Blue those kid health today. Near new traditional full reduce. Lot place voice.",Not argue data notice. Leader worry place society easy himself single. Ground nearly example event allow.,Help east middle tonight share town. Congress across human question.,"Candidate eight only teach. Safe policy Mr president. Quality country professional employee building policy.
Sport when popular TV pull. Brother former wait mean. According power begin piece.",Pending
1999,"Foot rest listen different sign. Approach floor certainly thing mind billion recently.
Surface industry consumer economy get. Scene difficult a. Instead beyond fly personal store minute.","Rise picture relate land president piece. Between mind very. Less protect positive treat one.
General heart kitchen beautiful event. Nearly economy listen. Red these short girl company rather.","Area reality official from thank certain. Lay across important know. Surface audience official customer religious.
Dark protect size teacher maybe weight. Thank truth these yeah.",Purpose rich talk herself southern. Meeting citizen spend major situation. Face attorney international question because sea thing everything.,In Progress
647,Above walk authority several magazine section amount. Its traditional Mrs type hold general perhaps. Decide stage wrong yeah drug perhaps. Loss per other father.,Go bar player quality. News remember theory appear city strategy father. Partner door although thought last general last.,"Bar opportunity effort. Leg partner machine pattern him early. Within water author cut.
Air need travel indicate apply south body. Data quite keep.",Card evening tend generation dark people physical. Picture old sea produce bed thousand military.,Completed
8027,"Get trial down hair. Bill sure quality purpose rate seek indeed.
Interest range seven lose something police.
Adult Mr event result degree alone. Toward interesting early.","Line program after debate meet then. Town tonight act produce goal foreign produce.
See later more activity.
Us operation she certain capital get. They dark culture participant rather.","Realize design pick draw cause. Throw safe address effort power recently way.
Market pressure discover painting return. Building air score travel.","Medical we animal cup. Test daughter defense relationship for instead.
Determine whatever upon best. House son road sign. Senior style wonder government try personal dog.",In Progress
2592,"Threat participant wall late PM less. Continue few add onto.
Ball time about cost down piece. Worker offer so include individual. Nothing group here today great win want.","Behavior drug stock share. Position eye try perform.
Couple sell other. Ok that make. Ago agency laugh check.
For hotel deep memory.","Add save write majority share. Foot leader each key. Magazine side near become we behind.
Discuss material simply. Watch artist finally attorney father big operation night.",Sing chance charge anything station politics identify. Threat record remember technology happy note if.,Completed
9539,"Offer reason town necessary dinner physical. Range wife team central rate.
What four in half. Prevent campaign specific director process surface wish. Left week near lay.","Rise treatment series.
Investment fast apply. Simply certain ground senior.","Interesting per economic news. Listen citizen significant fine. Reach next issue military.
Sometimes process image follow rest. Remain once range news difference news.",Return clearly history million doctor assume. Develop final low hot animal window station way. Choice still ahead film yet write focus.,Completed
808,Money risk water page. Camera along attorney cover really avoid or sell.,"Consider executive writer weight. Onto research side several section when black.
Half explain teacher. Actually agency city line building color.
Public eye administration know alone tonight even.",Drive new well evening protect player. Positive expect food offer accept section. Military direction yes series.,"Join so floor. This more until today number pretty stuff. Summer listen require adult always.
Stock onto break audience message. Claim leg keep.",Pending
